Protocollo;Gruppo;DataOraIncidente;Localizzazione1;STRADA1;Localizzazione2;STRADA2;Strada02;Chilometrica;DaSpecificare;NaturaIncidente;particolaritastrade;TipoStrada;FondoStradale;Pavimentazione;Segnaletica;CondizioneAtmosferica;Traffico;Visibilita;Illuminazione;NUM_FERITI;NUM_RISERVATA;NUM_MORTI;NUM_ILLESI;Longitudine;Latitudine;Confermato;Progressivo;TipoVeicolo;StatoVeicolo;TipoPersona;Sesso;Tipolesione;Deceduto;DecedutoDopo;CinturaCascoUtilizzato;Airbag;
4500718;13;02/08/2019 17:45:00;Strada Urbana;VIALE CRISTOFORO COLOMBO;in corrispondenza;;della chilometrica;19.1;;Tamponamento Multiplo;Rettilineo;Pi� di due carreggiate;Asciutto;Asfaltata;Verticale ed orizzontale;Sereno;Intenso;Buona;Ore Diurne;0;0;0;5;12.3755;41.7584;-1;3;Autovettura privata;In marcia / fermata / arresto;Conducente;M;Illeso;0;;Non accertato;Inesploso
4500721;1;02/08/2019 17:50:00;Strada Urbana;PIAZZA DI PORTA MAGGIORE;in prossimit�;;del civico n.;16;;Scontro laterale fra veicoli in marcia;Rettilineo;Una carreggiata a senso unico di marcia;Bagnato (pioggia);Asfaltata;Verticale;Nuvoloso;Normale;Buona;Ore Diurne;0;0;0;2;12.5139;41.8916;-1;1;Autovettura privata;In marcia / fermata / arresto;Conducente;F;Illeso;0;;;
4500721;1;02/08/2019 17:50:00;Strada Urbana;PIAZZA DI PORTA MAGGIORE;in prossimit�;;del civico n.;16;;Scontro laterale fra veicoli in marcia;Rettilineo;Una carreggiata a senso unico di marcia;Bagnato (pioggia);Asfaltata;Verticale;Nuvoloso;Normale;Buona;Ore Diurne;0;0;0;2;12.5139;41.8916;-1;2;Ciclomotore;In marcia / fermata / arresto;Conducente;M;Illeso;0;;;
4500729;1;02/08/2019 18:00:00;Strada Urbana;VIA DI PORTA S. SEBASTIANO;all'intersezione semaforizzata con;VIALE DI PORTA ARDEATINA;VIALE DI PORTA ARDEATINA;;;Tamponamento Multiplo;Intersezione semaforizzata;Una carreggiata a senso unico di marcia;Bagnato (pioggia);In cubetti di porfido;Orizzontale;Pioggia in atto;Normale;Buona;Ore Diurne;3;0;0;1;12.5016;41.8733;-1;1;Autovettura privata;In marcia / fermata / arresto;Conducente;M;Rimandato;0;NON DECEDUTO;Non accertato;Inesploso
4500729;1;02/08/2019 18:00:00;Strada Urbana;VIA DI PORTA S. SEBASTIANO;all'intersezione semaforizzata con;VIALE DI PORTA ARDEATINA;VIALE DI PORTA ARDEATINA;;;Tamponamento Multiplo;Intersezione semaforizzata;Una carreggiata a senso unico di marcia;Bagnato (pioggia);In cubetti di porfido;Orizzontale;Pioggia in atto;Normale;Buona;Ore Diurne;3;0;0;1;12.5016;41.8733;-1;2;Motociclo a solo;In marcia / fermata / arresto;Conducente;M;Rifiuta cure immediate;0;NON DECEDUTO;Non accertato;
4500729;1;02/08/2019 18:00:00;Strada Urbana;VIA DI PORTA S. SEBASTIANO;all'intersezione semaforizzata con;VIALE DI PORTA ARDEATINA;VIALE DI PORTA ARDEATINA;;;Tamponamento Multiplo;Intersezione semaforizzata;Una carreggiata a senso unico di marcia;Bagnato (pioggia);In cubetti di porfido;Orizzontale;Pioggia in atto;Normale;Buona;Ore Diurne;3;0;0;1;12.5016;41.8733;-1;3;Motociclo a solo;In marcia / fermata / arresto;Conducente;M;Rifiuta cure immediate;0;NON DECEDUTO;Non accertato;
4500729;1;02/08/2019 18:00:00;Strada Urbana;VIA DI PORTA S. SEBASTIANO;all'intersezione semaforizzata con;VIALE DI PORTA ARDEATINA;VIALE DI PORTA ARDEATINA;;;Tamponamento Multiplo;Intersezione semaforizzata;Una carreggiata a senso unico di marcia;Bagnato (pioggia);In cubetti di porfido;Orizzontale;Pioggia in atto;Normale;Buona;Ore Diurne;3;0;0;1;12.5016;41.8733;-1;4;Motociclo a solo;In marcia / fermata / arresto;Conducente;M;Illeso;0;;Non accertato;
4500745;1;02/08/2019 19:05:00;Strada Urbana;PIAZZALE NUMA POMPILIO;all'intersezione con;VIALE DELLE TERME DI CARACALLA;VIALE DELLE TERME DI CARACALLA;;;Scontro frontale/laterale SX fra veicoli in marcia;Incrocio;Una carreggiata a doppio senso;Bagnato (umidit� in atto);Asfaltata;Verticale ed orizzontale;Nuvoloso;Normale;Sufficiente;Ore Diurne;0;0;0;2;12.4957;41.8796;-1;1;Autovettura privata;In marcia / fermata / arresto;Conducente;M;Illeso;0;;;
4500745;1;02/08/2019 19:05:00;Strada Urbana;PIAZZALE NUMA POMPILIO;all'intersezione con;VIALE DELLE TERME DI CARACALLA;VIALE DELLE TERME DI CARACALLA;;;Scontro frontale/laterale SX fra veicoli in marcia;Incrocio;Una carreggiata a doppio senso;Bagnato (umidit� in atto);Asfaltata;Verticale ed orizzontale;Nuvoloso;Normale;Sufficiente;Ore Diurne;0;0;0;2;12.4957;41.8796;-1;2;Autocarro inferiore 35 q.;In marcia / fermata / arresto;Conducente;M;Illeso;0;;;
4500756;20;02/08/2019 16:40:00;Strada Urbana;VIALE DI TOR DI QUINTO;in prossimit�;;del civico n.;155;;Veicolo in marcia contro ostacolo fisso;Curva a visuale libera;Due carreggiate;Bagnato (pioggia);Asfaltata;Verticale ed orizzontale;Pioggia in atto;Normale;Buona;Ore Diurne;0;0;0;1;12.4846;41.9491;-1;1;Autovettura privata;In marcia / fermata / arresto;Conducente;M;Illeso;0;;Non accertato;Inesploso
4500757;12;02/08/2019 17:00:00;Regionale;VIA PONTINA;in corrispondenza;;del civico n.;430;;Tamponamento Multiplo;Rettilineo;Una carreggiata a senso unico di marcia;Bagnato (pioggia);Asfaltata;Verticale ed orizzontale;Pioggia in atto;Normale;Buona;Ore Diurne;0;0;0;5;12.4327;41.7386;-1;1;Autovettura privata;In marcia / fermata / arresto;Passeggero;M;Illeso;0;;;
4500757;12;02/08/2019 17:00:00;Regionale;VIA PONTINA;in corrispondenza;;del civico n.;430;;Tamponamento Multiplo;Rettilineo;Una carreggiata a senso unico di marcia;Bagnato (pioggia);Asfaltata;Verticale ed orizzontale;Pioggia in atto;Normale;Buona;Ore Diurne;0;0;0;5;12.4327;41.7386;-1;1;Autovettura privata;In marcia / fermata / arresto;Conducente;M;Illeso;0;;;
4500757;12;02/08/2019 17:00:00;Regionale;VIA PONTINA;in corrispondenza;;del civico n.;430;;Tamponamento Multiplo;Rettilineo;Una carreggiata a senso unico di marcia;Bagnato (pioggia);Asfaltata;Verticale ed orizzontale;Pioggia in atto;Normale;Buona;Ore Diurne;0;0;0;5;12.4327;41.7386;-1;2;Autovettura privata;In marcia / fermata / arresto;Passeggero;M;Illeso;0;;;
4500757;12;02/08/2019 17:00:00;Regionale;VIA PONTINA;in corrispondenza;;del civico n.;430;;Tamponamento Multiplo;Rettilineo;Una carreggiata a senso unico di marcia;Bagnato (pioggia);Asfaltata;Verticale ed orizzontale;Pioggia in atto;Normale;Buona;Ore Diurne;0;0;0;5;12.4327;41.7386;-1;2;Autovettura privata;In marcia / fermata / arresto;Conducente;M;Illeso;0;;;
4500757;12;02/08/2019 17:00:00;Regionale;VIA PONTINA;in corrispondenza;;del civico n.;430;;Tamponamento Multiplo;Rettilineo;Una carreggiata a senso unico di marcia;Bagnato (pioggia);Asfaltata;Verticale ed orizzontale;Pioggia in atto;Normale;Buona;Ore Diurne;0;0;0;5;12.4327;41.7386;-1;3;Autovettura privata;In marcia / fermata / arresto;Conducente;M;Illeso;0;;;
4500758;13;02/08/2019 20:30:00;Strada Urbana;PIAZZA ESCHILO;da specificare;;;;fronte civico 55;Investimento di pedone;Rettilineo;Una carreggiata a senso unico di marcia;Asciutto;Asfaltata;Verticale ed orizzontale;Sereno;Normale;Buona;Sufficiente;0;1;0;1;12.373;41.7696;-1;;;;Pedone;F;Prognosi riservata;0;NON DECEDUTO;;
4500758;13;02/08/2019 20:30:00;Strada Urbana;PIAZZA ESCHILO;da specificare;;;;fronte civico 55;Investimento di pedone;Rettilineo;Una carreggiata a senso unico di marcia;Asciutto;Asfaltata;Verticale ed orizzontale;Sereno;Normale;Buona;Sufficiente;0;1;0;1;12.373;41.7696;-1;1;Autovettura privata;In marcia / fermata / arresto;Conducente;M;Illeso;0;;Non accertato;Inesploso
4500759;3;02/08/2019 16:50:00;Strada Urbana;VIA TIBURTINA;da specificare;;;;altezza Via Masaniello direzione Verano;Tamponamento Multiplo;Rettilineo;Una carreggiata a doppio senso;Bagnato (pioggia);Asfaltata;Verticale ed orizzontale;Pioggia in atto;Normale;Buona;Ore Diurne;0;0;0;4;12.5321;41.9083;-1;1;Autocarro inferiore 35 q.;In marcia / fermata / arresto;Conducente;M;Illeso;0;;Non accertato;
4500759;3;02/08/2019 16:50:00;Strada Urbana;VIA TIBURTINA;da specificare;;;;altezza Via Masaniello direzione Verano;Tamponamento Multiplo;Rettilineo;Una carreggiata a doppio senso;Bagnato (pioggia);Asfaltata;Verticale ed orizzontale;Pioggia in atto;Normale;Buona;Ore Diurne;0;0;0;4;12.5321;41.9083;-1;2;Autovettura privata;In marcia / fermata / arresto;Conducente;F;Illeso;0;;Non accertato;
4500759;3;02/08/2019 16:50:00;Strada Urbana;VIA TIBURTINA;da specificare;;;;altezza Via Masaniello direzione Verano;Tamponamento Multiplo;Rettilineo;Una carreggiata a doppio senso;Bagnato (pioggia);Asfaltata;Verticale ed orizzontale;Pioggia in atto;Normale;Buona;Ore Diurne;0;0;0;4;12.5321;41.9083;-1;3;Autovettura privata;In marcia / fermata / arresto;Conducente;M;Illeso;0;;Non accertato;
4500759;3;02/08/2019 16:50:00;Strada Urbana;VIA TIBURTINA;da specificare;;;;altezza Via Masaniello direzione Verano;Tamponamento Multiplo;Rettilineo;Una carreggiata a doppio senso;Bagnato (pioggia);Asfaltata;Verticale ed orizzontale;Pioggia in atto;Normale;Buona;Ore Diurne;0;0;0;4;12.5321;41.9083;-1;3;Autovettura privata;In marcia / fermata / arresto;Passeggero;M;Illeso;0;;Non accertato;
4500760;12;02/08/2019 17:10:00;Strada Urbana;VIALE ASIA;da specificare;;;;all'intersezione con laterale CRISTOFORO COLOMBO;Scontro frontale/laterale DX fra veicoli in marcia;Rettilineo;Una carreggiata a senso unico di marcia;Bagnato (pioggia);Asfaltata;Verticale ed orizzontale;Nuvoloso;Normale;Sufficiente;Ore Diurne;1;0;0;2;12.4706;41.8319;-1;;;;Pedone;F;Ricoverato;0;NON DECEDUTO;;
4500760;12;02/08/2019 17:10:00;Strada Urbana;VIALE ASIA;da specificare;;;;all'intersezione con laterale CRISTOFORO COLOMBO;Scontro frontale/laterale DX fra veicoli in marcia;Rettilineo;Una carreggiata a senso unico di marcia;Bagnato (pioggia);Asfaltata;Verticale ed orizzontale;Nuvoloso;Normale;Sufficiente;Ore Diurne;1;0;0;2;12.4706;41.8319;-1;1;Autovettura privata;In marcia / fermata / arresto;Conducente;F;Illeso;0;;Utilizzato;Inesploso
4500760;12;02/08/2019 17:10:00;Strada Urbana;VIALE ASIA;da specificare;;;;all'intersezione con laterale CRISTOFORO COLOMBO;Scontro frontale/laterale DX fra veicoli in marcia;Rettilineo;Una carreggiata a senso unico di marcia;Bagnato (pioggia);Asfaltata;Verticale ed orizzontale;Nuvoloso;Normale;Sufficiente;Ore Diurne;1;0;0;2;12.4706;41.8319;-1;2;Autovettura privata;In marcia / fermata / arresto;Conducente;M;Illeso;0;;Utilizzato;Inesploso
4500791;6;02/08/2019 20:40:00;Strada Urbana;VIA CASILINA;in corrispondenza;;del civico n.;635;;Investimento di pedone;Rettilineo;Due carreggiate;Asciutto;Asfaltata;Verticale ed orizzontale;Nuvoloso;Scarso;Sufficiente;Sufficiente;1;0;0;1;12.5482;41.8781;-1;;;;Pedone;M;Rimandato;0;NON DECEDUTO;;
4500791;6;02/08/2019 20:40:00;Strada Urbana;VIA CASILINA;in corrispondenza;;del civico n.;635;;Investimento di pedone;Rettilineo;Due carreggiate;Asciutto;Asfaltata;Verticale ed orizzontale;Nuvoloso;Scarso;Sufficiente;Sufficiente;1;0;0;1;12.5482;41.8781;-1;1;Motociclo a solo;In marcia / fermata / arresto;Conducente;M;Illeso;0;;;
4500797;3;02/08/2019 14:40:00;Strada Urbana;VIA DEGLI ETRUSCHI;all'intersezione con;VIA TIBURTINA;VIA TIBURTINA;;;Scontro frontale/laterale DX fra veicoli in marcia;Incrocio;Una carreggiata a doppio senso;Asciutto;Asfaltata;Verticale ed orizzontale;Sereno;Normale;Buona;Ore Diurne;0;0;0;2;12.5142;41.8983;-1;1;Autovettura pubblica;In marcia / fermata / arresto;Conducente;M;Illeso;0;;Non accertato;
4500797;3;02/08/2019 14:40:00;Strada Urbana;VIA DEGLI ETRUSCHI;all'intersezione con;VIA TIBURTINA;VIA TIBURTINA;;;Scontro frontale/laterale DX fra veicoli in marcia;Incrocio;Una carreggiata a doppio senso;Asciutto;Asfaltata;Verticale ed orizzontale;Sereno;Normale;Buona;Ore Diurne;0;0;0;2;12.5142;41.8983;-1;2;Motociclo a solo;In marcia / fermata / arresto;Conducente;M;Illeso;0;;Non accertato;
4500802;3;02/08/2019 13:45:00;Strada Urbana;VIA CATANIA;in prossimit�;;del civico n.;30;;Scontro laterale fra veicoli in marcia;Pendenza;Una carreggiata a doppio senso;Asciutto;Asfaltata;Verticale ed orizzontale;Nuvoloso;Normale;Buona;Ore Diurne;1;0;0;1;12.5174;41.9103;-1;1;Autovettura privata;In marcia / fermata / arresto;Conducente;M;Illeso;0;;;
4500802;3;02/08/2019 13:45:00;Strada Urbana;VIA CATANIA;in prossimit�;;del civico n.;30;;Scontro laterale fra veicoli in marcia;Pendenza;Una carreggiata a doppio senso;Asciutto;Asfaltata;Verticale ed orizzontale;Nuvoloso;Normale;Buona;Ore Diurne;1;0;0;1;12.5174;41.9103;-1;2;Motociclo a solo;In marcia / fermata / arresto;Conducente;F;Rimandato;0;NON DECEDUTO;Non accertato;
4500812;3;01/08/2019 10:45:00;Strada Urbana;VIA TIBURTINA;all'intersezione con;PIAZZALE VALERIO MASSIMO;PIAZZALE VALERIO MASSIMO;;;Scontro laterale fra veicoli in marcia;Intersezione semaforizzata;Pi� di due carreggiate;Asciutto;Asfaltata;Orizzontale;Sereno;Scarso;Buona;Ore Diurne;1;0;0;1;12.5221;41.9057;-1;1;Autovettura privata;In marcia / fermata / arresto;Conducente;M;Rimandato;0;NON DECEDUTO;Non accertato;Inesploso
4500812;3;01/08/2019 10:45:00;Strada Urbana;VIA TIBURTINA;all'intersezione con;PIAZZALE VALERIO MASSIMO;PIAZZALE VALERIO MASSIMO;;;Scontro laterale fra veicoli in marcia;Intersezione semaforizzata;Pi� di due carreggiate;Asciutto;Asfaltata;Orizzontale;Sereno;Scarso;Buona;Ore Diurne;1;0;0;1;12.5221;41.9057;-1;2;Autoambulanza;In marcia / fermata / arresto;Conducente;M;Illeso;0;;Non accertato;Inesploso
4500815;2;02/08/2019 09:00:00;Strada Urbana;VIA DI VILLA ADA;all'intersezione con;VIA LARIANA;VIA LARIANA;;;Scontro laterale fra veicoli in marcia;Incrocio;Una carreggiata a senso unico di marcia;Bagnato (pioggia);Asfaltata;Verticale;Nuvoloso;Normale;Buona;Ore Diurne;0;0;0;2;12.5054;41.9244;-1;1;Autovettura privata;In marcia / fermata / arresto;Conducente;F;Illeso;0;;Non accertato;Inesploso
4500815;2;02/08/2019 09:00:00;Strada Urbana;VIA DI VILLA ADA;all'intersezione con;VIA LARIANA;VIA LARIANA;;;Scontro laterale fra veicoli in marcia;Incrocio;Una carreggiata a senso unico di marcia;Bagnato (pioggia);Asfaltata;Verticale;Nuvoloso;Normale;Buona;Ore Diurne;0;0;0;2;12.5054;41.9244;-1;2;Autovettura privata;In marcia / fermata / arresto;Conducente;F;Illeso;0;;;
4500817;6;02/08/2019 23:10:00;Strada Urbana;VIA PAPIRIA;da specificare;;;;prossimit� Via Ponzio Cominio;Veicolo in marcia contro veicoli in sosta;Rettilineo;Una carreggiata a doppio senso;Bagnato (umidit� in atto);Asfaltata;Verticale ed orizzontale;Sereno;Scarso;Sufficiente;Sufficiente;1;0;0;0;12.5599;41.8639;-1;1;Autovettura privata;In marcia / fermata / arresto;Conducente;M;Rimandato;0;NON DECEDUTO;;
4500817;6;02/08/2019 23:10:00;Strada Urbana;VIA PAPIRIA;da specificare;;;;prossimit� Via Ponzio Cominio;Veicolo in marcia contro veicoli in sosta;Rettilineo;Una carreggiata a doppio senso;Bagnato (umidit� in atto);Asfaltata;Verticale ed orizzontale;Sereno;Scarso;Sufficiente;Sufficiente;1;0;0;0;12.5599;41.8639;-1;2;Autovettura privata;Sosta;;;;;;;
4500817;6;02/08/2019 23:10:00;Strada Urbana;VIA PAPIRIA;da specificare;;;;prossimit� Via Ponzio Cominio;Veicolo in marcia contro veicoli in sosta;Rettilineo;Una carreggiata a doppio senso;Bagnato (umidit� in atto);Asfaltata;Verticale ed orizzontale;Sereno;Scarso;Sufficiente;Sufficiente;1;0;0;0;12.5599;41.8639;-1;3;Autovettura privata;Sosta;;;;;;;
4500818;20;02/08/2019 23:55:00;Strada Urbana;VIA DELLA STAZIONE DI OTTAVIA;in corrispondenza;;del civico n.;113;;Veicolo in marcia contro veicolo in sosta;Rettilineo;Una carreggiata a senso unico di marcia;Asciutto;Asfaltata;Assente;Sereno;Normale;Buona;Sufficiente;1;0;0;2;12.4039;41.9642;-1;1;Autovettura privata;Sosta;;;;;;;
4500818;20;02/08/2019 23:55:00;Strada Urbana;VIA DELLA STAZIONE DI OTTAVIA;in corrispondenza;;del civico n.;113;;Veicolo in marcia contro veicolo in sosta;Rettilineo;Una carreggiata a senso unico di marcia;Asciutto;Asfaltata;Assente;Sereno;Normale;Buona;Sufficiente;1;0;0;2;12.4039;41.9642;-1;2;Autocarro inferiore 35 q.;In marcia / fermata / arresto;Passeggero;F;Rimandato;0;NON DECEDUTO;Non accertato;
4500818;20;02/08/2019 23:55:00;Strada Urbana;VIA DELLA STAZIONE DI OTTAVIA;in corrispondenza;;del civico n.;113;;Veicolo in marcia contro veicolo in sosta;Rettilineo;Una carreggiata a senso unico di marcia;Asciutto;Asfaltata;Assente;Sereno;Normale;Buona;Sufficiente;1;0;0;2;12.4039;41.9642;-1;2;Autocarro inferiore 35 q.;In marcia / fermata / arresto;Passeggero;M;Illeso;0;;Non accertato;
4500818;20;02/08/2019 23:55:00;Strada Urbana;VIA DELLA STAZIONE DI OTTAVIA;in corrispondenza;;del civico n.;113;;Veicolo in marcia contro veicolo in sosta;Rettilineo;Una carreggiata a senso unico di marcia;Asciutto;Asfaltata;Assente;Sereno;Normale;Buona;Sufficiente;1;0;0;2;12.4039;41.9642;-1;2;Autocarro inferiore 35 q.;In marcia / fermata / arresto;Conducente;M;Illeso;0;;Non accertato;Inesploso
4500820;1;01/08/2019 22:10:00;Strada Urbana;VIA MERULANA;in prossimit�;;del civico n.;59;;Veicolo in marcia contro veicolo in sosta;Rettilineo;Una carreggiata a doppio senso;Asciutto;Asfaltata;Verticale ed orizzontale;Sereno;Normale;Sufficiente;Sufficiente;0;0;0;3;12.5014;41.8934;-1;1;Autovettura privata;In marcia / fermata / arresto;Passeggero;M;Illeso;0;;;
4500820;1;01/08/2019 22:10:00;Strada Urbana;VIA MERULANA;in prossimit�;;del civico n.;59;;Veicolo in marcia contro veicolo in sosta;Rettilineo;Una carreggiata a doppio senso;Asciutto;Asfaltata;Verticale ed orizzontale;Sereno;Normale;Sufficiente;Sufficiente;0;0;0;3;12.5014;41.8934;-1;1;Autovettura privata;In marcia / fermata / arresto;Passeggero;M;Illeso;0;;Non accertato;Inesploso
4500820;1;01/08/2019 22:10:00;Strada Urbana;VIA MERULANA;in prossimit�;;del civico n.;59;;Veicolo in marcia contro veicolo in sosta;Rettilineo;Una carreggiata a doppio senso;Asciutto;Asfaltata;Verticale ed orizzontale;Sereno;Normale;Sufficiente;Sufficiente;0;0;0;3;12.5014;41.8934;-1;1;Autovettura privata;In marcia / fermata / arresto;Conducente;M;Illeso;0;;Non accertato;Inesploso
4500820;1;01/08/2019 22:10:00;Strada Urbana;VIA MERULANA;in prossimit�;;del civico n.;59;;Veicolo in marcia contro veicolo in sosta;Rettilineo;Una carreggiata a doppio senso;Asciutto;Asfaltata;Verticale ed orizzontale;Sereno;Normale;Sufficiente;Sufficiente;0;0;0;3;12.5014;41.8934;-1;2;Autovettura privata;Sosta;;;;;;;
4500849;2;02/08/2019 22:50:00;Strada Urbana;VIA AUGUSTO CONTI;in prossimit�;;del civico n.;84;;Scontro laterale fra veicoli in marcia;Rettilineo;Una carreggiata a senso unico di marcia;Asciutto;Asfaltata;Verticale;Sereno;Scarso;Buona;Sufficiente;1;0;0;1;12.426;41.948;-1;1;Motociclo a solo;In marcia / fermata / arresto;Conducente;M;Rimandato;0;NON DECEDUTO;;
4500849;2;02/08/2019 22:50:00;Strada Urbana;VIA AUGUSTO CONTI;in prossimit�;;del civico n.;84;;Scontro laterale fra veicoli in marcia;Rettilineo;Una carreggiata a senso unico di marcia;Asciutto;Asfaltata;Verticale;Sereno;Scarso;Buona;Sufficiente;1;0;0;1;12.426;41.948;-1;2;Autobus urbano;In marcia / fermata / arresto;Conducente;M;Illeso;0;;;
4500849;2;02/08/2019 22:50:00;Strada Urbana;VIA AUGUSTO CONTI;in prossimit�;;del civico n.;84;;Scontro laterale fra veicoli in marcia;Rettilineo;Una carreggiata a senso unico di marcia;Asciutto;Asfaltata;Verticale;Sereno;Scarso;Buona;Sufficiente;1;0;0;1;12.426;41.948;-1;3;Autovettura privata;Sosta;;;;;;;
4500851;6;03/08/2019 10:45:00;Strada Urbana;VIA PRENESTINA;in corrispondenza;;del civico n.;365a;;Scontro frontale/laterale SX fra veicoli in marcia;Rettilineo;Una carreggiata a senso unico di marcia;Asciutto;Asfaltata;Assente;Sereno;Scarso;Buona;Ore Diurne;0;0;0;3;12.5587;41.8951;-1;1;Autovettura privata;In marcia / fermata / arresto;Passeggero;F;Illeso;0;;Non accertato;Inesploso
4500851;6;03/08/2019 10:45:00;Strada Urbana;VIA PRENESTINA;in corrispondenza;;del civico n.;365a;;Scontro frontale/laterale SX fra veicoli in marcia;Rettilineo;Una carreggiata a senso unico di marcia;Asciutto;Asfaltata;Assente;Sereno;Scarso;Buona;Ore Diurne;0;0;0;3;12.5587;41.8951;-1;1;Autovettura privata;In marcia / fermata / arresto;Conducente;M;Illeso;0;;Non accertato;Inesploso
4500851;6;03/08/2019 10:45:00;Strada Urbana;VIA PRENESTINA;in corrispondenza;;del civico n.;365a;;Scontro frontale/laterale SX fra veicoli in marcia;Rettilineo;Una carreggiata a senso unico di marcia;Asciutto;Asfaltata;Assente;Sereno;Scarso;Buona;Ore Diurne;0;0;0;3;12.5587;41.8951;-1;2;Autovettura privata;In marcia / fermata / arresto;Conducente;F;Illeso;0;;Non accertato;Inesploso
4500853;1;02/08/2019 07:10:00;Strada Urbana;VIA DI PORTA S. LORENZO;in prossimit�;;del palo luce n.;6;;Tamponamento Multiplo;Rettilineo;Una carreggiata a senso unico di marcia;Bagnato (pioggia);Acciotolata;Verticale ed orizzontale;Pioggia in atto;Intenso;Buona;Ore Diurne;0;0;0;3;12.5105;41.8969;-1;1;Autocarro inferiore 35 q.;In marcia / fermata / arresto;Conducente;M;Illeso;0;;Non accertato;Inesploso
4500853;1;02/08/2019 07:10:00;Strada Urbana;VIA DI PORTA S. LORENZO;in prossimit�;;del palo luce n.;6;;Tamponamento Multiplo;Rettilineo;Una carreggiata a senso unico di marcia;Bagnato (pioggia);Acciotolata;Verticale ed orizzontale;Pioggia in atto;Intenso;Buona;Ore Diurne;0;0;0;3;12.5105;41.8969;-1;2;Autovettura privata;In marcia / fermata / arresto;Conducente;M;Illeso;0;;Non accertato;Inesploso
4500853;1;02/08/2019 07:10:00;Strada Urbana;VIA DI PORTA S. LORENZO;in prossimit�;;del palo luce n.;6;;Tamponamento Multiplo;Rettilineo;Una carreggiata a senso unico di marcia;Bagnato (pioggia);Acciotolata;Verticale ed orizzontale;Pioggia in atto;Intenso;Buona;Ore Diurne;0;0;0;3;12.5105;41.8969;-1;3;Autocarro inferiore 35 q.;In marcia / fermata / arresto;Conducente;M;Illeso;0;;Non accertato;Inesploso
4500887;6;03/08/2019 10:20:00;Strada Urbana;VIA TOR DE' SCHIAVI;all'intersezione semaforizzata con;VIA ANAGNI;VIA ANAGNI;;;Scontro frontale/laterale DX fra veicoli in marcia;Intersezione semaforizzata;Due carreggiate;Asciutto;Asfaltata;Verticale ed orizzontale;Sereno;Normale;Buona;Ore Diurne;0;0;0;1;12.5605;41.8906;-1;1;Autovettura privata;In marcia / fermata / arresto;Conducente;M;Illeso;0;;Non accertato;Inesploso
4500887;6;03/08/2019 10:20:00;Strada Urbana;VIA TOR DE' SCHIAVI;all'intersezione semaforizzata con;VIA ANAGNI;VIA ANAGNI;;;Scontro frontale/laterale DX fra veicoli in marcia;Intersezione semaforizzata;Due carreggiate;Asciutto;Asfaltata;Verticale ed orizzontale;Sereno;Normale;Buona;Ore Diurne;0;0;0;1;12.5605;41.8906;-1;2;Autovettura privata;In marcia / fermata / arresto;;;;;;;
4500893;1;03/08/2019 10:00:00;Strada Urbana;VIA CAIROLI;in corrispondenza;;del civico n.;24;;Scontro laterale fra veicoli in marcia;Rettilineo;Una carreggiata a senso unico di marcia;Asciutto;Asfaltata;Verticale ed orizzontale;Sereno;Normale;Buona;Ore Diurne;0;0;0;2;12.5062;41.8927;-1;1;Autovettura privata;In marcia / fermata / arresto;Conducente;M;Illeso;0;;Non accertato;Inesploso
4500893;1;03/08/2019 10:00:00;Strada Urbana;VIA CAIROLI;in corrispondenza;;del civico n.;24;;Scontro laterale fra veicoli in marcia;Rettilineo;Una carreggiata a senso unico di marcia;Asciutto;Asfaltata;Verticale ed orizzontale;Sereno;Normale;Buona;Ore Diurne;0;0;0;2;12.5062;41.8927;-1;2;Autocarro inferiore 35 q.;In marcia / fermata / arresto;Conducente;M;Illeso;0;;Non accertato;Inesploso
4500921;10;03/08/2019 10:00:00;Strada Urbana;VIA ANAGNINA;da specificare;;;;sottopasso a 150mt Torre di Mezzavia;Veicolo in marcia contro ostacolo fisso;Rettilineo;Due carreggiate;Asciutto;Asfaltata;Verticale ed orizzontale;Sereno;Normale;Buona;Ore Diurne;0;0;0;2;12.593;41.8352;-1;1;Autovettura privata;In marcia / fermata / arresto;Passeggero;F;Illeso;0;;Non accertato;Inesploso
4500921;10;03/08/2019 10:00:00;Strada Urbana;VIA ANAGNINA;da specificare;;;;sottopasso a 150mt Torre di Mezzavia;Veicolo in marcia contro ostacolo fisso;Rettilineo;Due carreggiate;Asciutto;Asfaltata;Verticale ed orizzontale;Sereno;Normale;Buona;Ore Diurne;0;0;0;2;12.593;41.8352;-1;1;Autovettura privata;In marcia / fermata / arresto;Conducente;M;Illeso;0;;Non accertato;Inesploso
4500927;10;03/08/2019 10:01:00;Strada Urbana;VIA ANAGNINA;da specificare;;;;sottopasso a 150 mt. da Torre di Mezzavia;Tamponamento;Rettilineo;Due carreggiate;Asciutto;Asfaltata;Verticale ed orizzontale;Sereno;Scarso;Sufficiente;Ore Diurne;2;0;0;2;12.5961;41.8323;-1;1;Autovettura privata;In marcia / fermata / arresto;Conducente;M;Illeso;0;;Non accertato;Inesploso