Protocollo;Gruppo;DataOraIncidente;Localizzazione1;STRADA1;Localizzazione2;STRADA2;Strada02;Chilometrica;DaSpecificare;NaturaIncidente;particolaritastrade;TipoStrada;FondoStradale;Pavimentazione;Segnaletica;CondizioneAtmosferica;Traffico;Visibilita;Illuminazione;NUM_FERITI;NUM_RISERVATA;NUM_MORTI;NUM_ILLESI;Longitudine;Latitudine;Confermato;Progressivo;TipoVeicolo;StatoVeicolo;TipoPersona;Sesso;Tipolesione;Deceduto;DecedutoDopo;CinturaCascoUtilizzato;Airbag;
4502504;2;03/08/2019 14:40:00;Strada Urbana;VIA DI VILLA ADA;all'intersezione con;VIA LARIANA;VIA LARIANA;;;Scontro frontale/laterale DX fra veicoli in marcia;Incrocio;Una carreggiata a doppio senso;Asciutto;Asfaltata;Verticale ed orizzontale;Sereno;Scarso;Buona;Ore Diurne;1;0;0;3;12.5054;41.9244;-1;2;Autovettura privata;In marcia / fermata / arresto;Passeggero;M;Illeso;0;;Non accertato;Esploso
4502504;2;03/08/2019 14:40:00;Strada Urbana;VIA DI VILLA ADA;all'intersezione con;VIA LARIANA;VIA LARIANA;;;Scontro frontale/laterale DX fra veicoli in marcia;Incrocio;Una carreggiata a doppio senso;Asciutto;Asfaltata;Verticale ed orizzontale;Sereno;Scarso;Buona;Ore Diurne;1;0;0;3;12.5054;41.9244;-1;2;Autovettura privata;In marcia / fermata / arresto;Passeggero;M;Illeso;0;;Non accertato;Esploso
4502504;2;03/08/2019 14:40:00;Strada Urbana;VIA DI VILLA ADA;all'intersezione con;VIA LARIANA;VIA LARIANA;;;Scontro frontale/laterale DX fra veicoli in marcia;Incrocio;Una carreggiata a doppio senso;Asciutto;Asfaltata;Verticale ed orizzontale;Sereno;Scarso;Buona;Ore Diurne;1;0;0;3;12.5054;41.9244;-1;2;Autovettura privata;In marcia / fermata / arresto;Conducente;M;Illeso;0;;;
4502507;2;03/08/2019 20:10:00;Strada Urbana;VIA GIOVANNI PAISIELLO;all'intersezione con;VIA RUGGERO GIOVANNELLI;VIA RUGGERO GIOVANNELLI;;;Scontro frontale fra veicoli in marcia;Intersezione semaforizzata;Una carreggiata a senso unico di marcia;Asciutto;Asfaltata;Temporanea di cantiere;Sereno;Scarso;Buona;Ore Diurne;1;0;0;1;12.4942;41.9158;-1;1;Autovettura privata;In marcia / fermata / arresto;Conducente;M;Illeso;0;;Non accertato;Inesploso
4502507;2;03/08/2019 20:10:00;Strada Urbana;VIA GIOVANNI PAISIELLO;all'intersezione con;VIA RUGGERO GIOVANNELLI;VIA RUGGERO GIOVANNELLI;;;Scontro frontale fra veicoli in marcia;Intersezione semaforizzata;Una carreggiata a senso unico di marcia;Asciutto;Asfaltata;Temporanea di cantiere;Sereno;Scarso;Buona;Ore Diurne;1;0;0;1;12.4942;41.9158;-1;2;Velocipede;In marcia / fermata / arresto;Conducente;M;Rimandato;0;NON DECEDUTO;Esente;
4502508;13;05/08/2019 02:10:00;Strada Urbana;LUNGOMARE LUTAZIO CATULO;in prossimit�;;del civico n.;14;;Veicolo in marcia contro veicoli in sosta;Rettilineo;Una carreggiata a senso unico di marcia;Asciutto;Asfaltata;Orizzontale;Sereno;Scarso;Sufficiente;Sufficiente;1;0;0;1;12.3146;41.716;-1;1;Autovettura privata;In marcia / fermata / arresto;Conducente;M;Rimandato;0;NON DECEDUTO;Non accertato;Inesploso
4502508;13;05/08/2019 02:10:00;Strada Urbana;LUNGOMARE LUTAZIO CATULO;in prossimit�;;del civico n.;14;;Veicolo in marcia contro veicoli in sosta;Rettilineo;Una carreggiata a senso unico di marcia;Asciutto;Asfaltata;Orizzontale;Sereno;Scarso;Sufficiente;Sufficiente;1;0;0;1;12.3146;41.716;-1;2;Autovettura privata;In marcia / fermata / arresto;Conducente;F;Illeso;0;;Non accertato;Inesploso
4502508;13;05/08/2019 02:10:00;Strada Urbana;LUNGOMARE LUTAZIO CATULO;in prossimit�;;del civico n.;14;;Veicolo in marcia contro veicoli in sosta;Rettilineo;Una carreggiata a senso unico di marcia;Asciutto;Asfaltata;Orizzontale;Sereno;Scarso;Sufficiente;Sufficiente;1;0;0;1;12.3146;41.716;-1;3;Autovettura privata;Sosta;;;;;;;
4502511;5;03/08/2019 11:05:00;Strada Urbana;VIA DI CASAL BRUCIATO;da specificare;;;;Via Zampieri;Scontro frontale/laterale DX fra veicoli in marcia;Rettilineo;Una carreggiata a senso unico di marcia;Asciutto;Asfaltata;Verticale ed orizzontale;Sereno;Normale;Buona;Ore Diurne;0;0;0;2;12.5468;41.9065;-1;1;Autovettura privata;In marcia / fermata / arresto;Conducente;F;Illeso;0;;Non accertato;
4502511;5;03/08/2019 11:05:00;Strada Urbana;VIA DI CASAL BRUCIATO;da specificare;;;;Via Zampieri;Scontro frontale/laterale DX fra veicoli in marcia;Rettilineo;Una carreggiata a senso unico di marcia;Asciutto;Asfaltata;Verticale ed orizzontale;Sereno;Normale;Buona;Ore Diurne;0;0;0;2;12.5468;41.9065;-1;2;Autovettura privata;In marcia / fermata / arresto;Conducente;M;Illeso;0;;Non accertato;
4502516;2;03/08/2019 14:30:00;Strada Urbana;VIA PINCIANA;da specificare;;;;PROSSIMITA' VIA SGAMBATI;Tamponamento;Rettilineo;Una carreggiata a senso unico di marcia;Asciutto;Asfaltata;Verticale ed orizzontale;Sereno;Scarso;Buona;Ore Diurne;1;0;0;1;12.4924;41.9123;-1;1;Autovettura privata;In marcia / fermata / arresto;Conducente;F;Rimandato;0;NON DECEDUTO;Non accertato;Inesploso
4502516;2;03/08/2019 14:30:00;Strada Urbana;VIA PINCIANA;da specificare;;;;PROSSIMITA' VIA SGAMBATI;Tamponamento;Rettilineo;Una carreggiata a senso unico di marcia;Asciutto;Asfaltata;Verticale ed orizzontale;Sereno;Scarso;Buona;Ore Diurne;1;0;0;1;12.4924;41.9123;-1;2;Autovettura privata;In marcia / fermata / arresto;Conducente;M;Illeso;0;;Non accertato;Inesploso
4502521;6;05/08/2019 09:02:00;Strada Urbana;VIA PRENESTINA;in corrispondenza;;del civico n.;173;;Tamponamento;Rettilineo;Due carreggiate;Asciutto;Asfaltata;Verticale ed orizzontale;Sereno;Normale;Buona;Ore Diurne;1;0;0;1;12.5362;41.8925;-1;1;Autocarro inferiore 35 q.;In marcia / fermata / arresto;Conducente;M;Illeso;0;;Non accertato;Inesploso
4502521;6;05/08/2019 09:02:00;Strada Urbana;VIA PRENESTINA;in corrispondenza;;del civico n.;173;;Tamponamento;Rettilineo;Due carreggiate;Asciutto;Asfaltata;Verticale ed orizzontale;Sereno;Normale;Buona;Ore Diurne;1;0;0;1;12.5362;41.8925;-1;2;Autocarro inferiore 35 q.;In marcia / fermata / arresto;Conducente;M;Rifiuta cure immediate;0;NON DECEDUTO;Non utilizzato;Inesploso
4502539;7;03/08/2019 14:55:00;Strada Urbana;VIALE PALMIRO TOGLIATTI;in corrispondenza;;del civico n.;879;;Scontro laterale fra veicoli in marcia;Rettilineo;Una carreggiata a senso unico di marcia;Asciutto;Asfaltata;Verticale ed orizzontale;Sereno;Normale;Buona;Ore Diurne;0;0;0;3;12.5734;41.889;-1;1;Autovettura privata;In marcia / fermata / arresto;Conducente;F;Illeso;0;;Non accertato;Inesploso
4502539;7;03/08/2019 14:55:00;Strada Urbana;VIALE PALMIRO TOGLIATTI;in corrispondenza;;del civico n.;879;;Scontro laterale fra veicoli in marcia;Rettilineo;Una carreggiata a senso unico di marcia;Asciutto;Asfaltata;Verticale ed orizzontale;Sereno;Normale;Buona;Ore Diurne;0;0;0;3;12.5734;41.889;-1;2;Autovettura privata;In marcia / fermata / arresto;Passeggero;M;Illeso;0;;Non accertato;Inesploso
4502539;7;03/08/2019 14:55:00;Strada Urbana;VIALE PALMIRO TOGLIATTI;in corrispondenza;;del civico n.;879;;Scontro laterale fra veicoli in marcia;Rettilineo;Una carreggiata a senso unico di marcia;Asciutto;Asfaltata;Verticale ed orizzontale;Sereno;Normale;Buona;Ore Diurne;0;0;0;3;12.5734;41.889;-1;2;Autovettura privata;In marcia / fermata / arresto;Conducente;M;Illeso;0;;Non accertato;Inesploso
4502560;18;02/08/2019 19:10:00;Strada Urbana;CIRCONVALLAZIONE AURELIA;in prossimit�;;del civico n.;39;;Investimento di pedone;Rettilineo;Due carreggiate;Bagnato (pioggia);Asfaltata;Verticale;Nuvoloso;Normale;Buona;Ore Diurne;0;0;0;2;12.4284;41.8971;-1;;;;Pedone sconosciuto;;Illeso;0;;;
4502560;18;02/08/2019 19:10:00;Strada Urbana;CIRCONVALLAZIONE AURELIA;in prossimit�;;del civico n.;39;;Investimento di pedone;Rettilineo;Due carreggiate;Bagnato (pioggia);Asfaltata;Verticale;Nuvoloso;Normale;Buona;Ore Diurne;0;0;0;2;12.4284;41.8971;-1;1;Autovettura privata;In marcia / fermata / arresto;Conducente;M;Illeso;0;;;
4502579;4;03/08/2019 12:15:00;Strada Urbana;VIA DELLA BUFALOTTA;in corrispondenza;;del civico n.;152;;Veicolo in marcia contro veicolo in sosta;Rettilineo;Una carreggiata a doppio senso;Asciutto;Asfaltata;Verticale ed orizzontale;Sereno;Normale;Buona;Ore Diurne;0;0;0;3;12.5414;41.9496;-1;1;Autovettura privata;In marcia / fermata / arresto;Conducente;M;Illeso;0;;;
4502579;4;03/08/2019 12:15:00;Strada Urbana;VIA DELLA BUFALOTTA;in corrispondenza;;del civico n.;152;;Veicolo in marcia contro veicolo in sosta;Rettilineo;Una carreggiata a doppio senso;Asciutto;Asfaltata;Verticale ed orizzontale;Sereno;Normale;Buona;Ore Diurne;0;0;0;3;12.5414;41.9496;-1;2;Autovettura privata;Sosta;Passeggero;M;Illeso;0;;;
4502579;4;03/08/2019 12:15:00;Strada Urbana;VIA DELLA BUFALOTTA;in corrispondenza;;del civico n.;152;;Veicolo in marcia contro veicolo in sosta;Rettilineo;Una carreggiata a doppio senso;Asciutto;Asfaltata;Verticale ed orizzontale;Sereno;Normale;Buona;Ore Diurne;0;0;0;3;12.5414;41.9496;-1;2;Autovettura privata;Sosta;Passeggero;M;Illeso;0;;;
4502585;3;03/08/2019 17:55:00;Strada Urbana;PIAZZALE DI PORTA PIA;all'intersezione semaforizzata con;VIALE DEL POLICLINICO;VIALE DEL POLICLINICO;;;Infortunio per sola frenata improvvisa;Intersezione semaforizzata;Una carreggiata a doppio senso;Asciutto;Asfaltata;Verticale ed orizzontale;Sereno;Normale;Buona;Ore Diurne;1;0;0;0;12.5017;41.9094;-1;1;Motociclo a solo;In marcia / fermata / arresto;Conducente;F;Rimandato;0;NON DECEDUTO;Non accertato;
4502607;3;03/08/2019 21:45:00;Strada Urbana;VIA CARLO LIVI;all'intersezione con;VIA ANDREA VERGA;VIA ANDREA VERGA;;;Scontro frontale/laterale SX fra veicoli in marcia;Incrocio;Una carreggiata a senso unico di marcia;Asciutto;Asfaltata;Verticale ed orizzontale;Sereno;Intenso;Sufficiente;Sufficiente;0;0;0;2;12.4185;41.9359;-1;1;Autovettura privata;In marcia / fermata / arresto;Conducente;M;Illeso;0;;Non accertato;
4502607;3;03/08/2019 21:45:00;Strada Urbana;VIA CARLO LIVI;all'intersezione con;VIA ANDREA VERGA;VIA ANDREA VERGA;;;Scontro frontale/laterale SX fra veicoli in marcia;Incrocio;Una carreggiata a senso unico di marcia;Asciutto;Asfaltata;Verticale ed orizzontale;Sereno;Intenso;Sufficiente;Sufficiente;0;0;0;2;12.4185;41.9359;-1;2;Autovettura privata;In marcia / fermata / arresto;Conducente;F;Illeso;0;;Non accertato;
4502622;3;04/08/2019 00:45:00;Strada Urbana;VIA GIUSEPPE FLAJANI;in prossimit�;;del civico n.;20-22;;Veicolo in marcia contro veicoli in sosta;Rettilineo;Una carreggiata a doppio senso;Asciutto;Asfaltata;Assente;Sereno;Scarso;Buona;Sufficiente;0;0;0;1;12.4176;41.9345;-1;1;Autovettura privata;In marcia / fermata / arresto;Conducente;F;Illeso;0;;Non accertato;
4502622;3;04/08/2019 00:45:00;Strada Urbana;VIA GIUSEPPE FLAJANI;in prossimit�;;del civico n.;20-22;;Veicolo in marcia contro veicoli in sosta;Rettilineo;Una carreggiata a doppio senso;Asciutto;Asfaltata;Assente;Sereno;Scarso;Buona;Sufficiente;0;0;0;1;12.4176;41.9345;-1;2;Autovettura privata;Sosta;;;;;;;
4502622;3;04/08/2019 00:45:00;Strada Urbana;VIA GIUSEPPE FLAJANI;in prossimit�;;del civico n.;20-22;;Veicolo in marcia contro veicoli in sosta;Rettilineo;Una carreggiata a doppio senso;Asciutto;Asfaltata;Assente;Sereno;Scarso;Buona;Sufficiente;0;0;0;1;12.4176;41.9345;-1;3;Autovettura privata;Sosta;;;;;;;
4502622;3;04/08/2019 00:45:00;Strada Urbana;VIA GIUSEPPE FLAJANI;in prossimit�;;del civico n.;20-22;;Veicolo in marcia contro veicoli in sosta;Rettilineo;Una carreggiata a doppio senso;Asciutto;Asfaltata;Assente;Sereno;Scarso;Buona;Sufficiente;0;0;0;1;12.4176;41.9345;-1;4;Autovettura privata;Sosta;;;;;;;
4502622;3;04/08/2019 00:45:00;Strada Urbana;VIA GIUSEPPE FLAJANI;in prossimit�;;del civico n.;20-22;;Veicolo in marcia contro veicoli in sosta;Rettilineo;Una carreggiata a doppio senso;Asciutto;Asfaltata;Assente;Sereno;Scarso;Buona;Sufficiente;0;0;0;1;12.4176;41.9345;-1;5;Autovettura privata;Sosta;;;;;;;
4502640;9;02/08/2019 19:00:00;Strada Urbana;VIA APPIA NUOVA;da specificare;;;;civico 700 - parcheggio Sporting Palace;Veicolo in marcia contro veicolo in sosta;Pianeggiante;Pi� di due carreggiate;Asciutto;Asfaltata;Orizzontale;Sereno;Scarso;Buona;Ore Diurne;0;0;0;0;12.5329;41.8619;-1;1;Autovettura privata;Allontanatosi;;;;;;;
4502640;9;02/08/2019 19:00:00;Strada Urbana;VIA APPIA NUOVA;da specificare;;;;civico 700 - parcheggio Sporting Palace;Veicolo in marcia contro veicolo in sosta;Pianeggiante;Pi� di due carreggiate;Asciutto;Asfaltata;Orizzontale;Sereno;Scarso;Buona;Ore Diurne;0;0;0;0;12.5329;41.8619;-1;2;Autovettura privata;Sosta;;;;;;;
4502642;3;05/08/2019 03:10:00;Strada Urbana;VIA DEL FORO ITALICO;in prossimit�;;del civico n.;451;;Scontro laterale fra veicoli in marcia;Rettilineo;Due carreggiate;Asciutto;Asfaltata;Orizzontale;Sereno;Scarso;Sufficiente;Sufficiente;0;0;0;3;12.4888;41.9397;-1;1;Autovettura privata;In marcia / fermata / arresto;Conducente;M;Illeso;0;;Non accertato;Inesploso
4502642;3;05/08/2019 03:10:00;Strada Urbana;VIA DEL FORO ITALICO;in prossimit�;;del civico n.;451;;Scontro laterale fra veicoli in marcia;Rettilineo;Due carreggiate;Asciutto;Asfaltata;Orizzontale;Sereno;Scarso;Sufficiente;Sufficiente;0;0;0;3;12.4888;41.9397;-1;1;Autovettura privata;In marcia / fermata / arresto;Passeggero;M;Illeso;0;;Non accertato;Inesploso
4502642;3;05/08/2019 03:10:00;Strada Urbana;VIA DEL FORO ITALICO;in prossimit�;;del civico n.;451;;Scontro laterale fra veicoli in marcia;Rettilineo;Due carreggiate;Asciutto;Asfaltata;Orizzontale;Sereno;Scarso;Sufficiente;Sufficiente;0;0;0;3;12.4888;41.9397;-1;2;Autovettura privata;In marcia / fermata / arresto;Conducente;M;Illeso;0;;Non accertato;Inesploso
4502664;16;01/08/2019 18:30:00;Strada Urbana;VIA ETTORE ROLLI;all'intersezione semaforizzata con;VIA NICOLO' BETTONI;VIA NICOLO' BETTONI;;;Investimento di pedone;Intersezione semaforizzata;Una carreggiata a senso unico di marcia;Asciutto;Asfaltata;Orizzontale;Sereno;Normale;Buona;Ore Diurne;1;0;0;1;12.4676;41.8743;-1;;;;Pedone;M;Rimandato;0;NON DECEDUTO;;
4502664;16;01/08/2019 18:30:00;Strada Urbana;VIA ETTORE ROLLI;all'intersezione semaforizzata con;VIA NICOLO' BETTONI;VIA NICOLO' BETTONI;;;Investimento di pedone;Intersezione semaforizzata;Una carreggiata a senso unico di marcia;Asciutto;Asfaltata;Orizzontale;Sereno;Normale;Buona;Ore Diurne;1;0;0;1;12.4676;41.8743;-1;1;Autovettura privata;In marcia / fermata / arresto;Conducente;F;Illeso;0;;Non accertato;Inesploso
4502681;4;03/08/2019 14:30:00;Statale entro l'abitato;VIA NOMENTANA;in prossimit�;;del civico n.;1218;;Tamponamento;Rettilineo;Una carreggiata a doppio senso;Asciutto;Asfaltata;Verticale ed orizzontale;Sereno;Normale;Buona;Ore Diurne;1;0;0;1;12.5861;41.959;-1;1;Autocarro inferiore 35 q.;In marcia / fermata / arresto;Conducente;F;Illeso;0;;;
4502681;4;03/08/2019 14:30:00;Statale entro l'abitato;VIA NOMENTANA;in prossimit�;;del civico n.;1218;;Tamponamento;Rettilineo;Una carreggiata a doppio senso;Asciutto;Asfaltata;Verticale ed orizzontale;Sereno;Normale;Buona;Ore Diurne;1;0;0;1;12.5861;41.959;-1;2;Autovettura privata;In marcia / fermata / arresto;Conducente;M;Rimandato;0;NON DECEDUTO;;
4502697;1;04/08/2019 15:10:00;Strada Urbana;VIA DI PORTA PINCIANA;all'intersezione con;VIA LAZIO;VIA LAZIO;;;Veicolo in marcia contro ostacolo accidentale;Incrocio;Una carreggiata a senso unico di marcia;Asciutto;Asfaltata;Verticale ed orizzontale;Sereno;Scarso;Buona;Ore Diurne;2;0;0;0;12.4871;41.9084;-1;1;Motociclo con passeggero;In marcia / fermata / arresto;Conducente;M;Rifiuta cure immediate;0;NON DECEDUTO;;
4502697;1;04/08/2019 15:10:00;Strada Urbana;VIA DI PORTA PINCIANA;all'intersezione con;VIA LAZIO;VIA LAZIO;;;Veicolo in marcia contro ostacolo accidentale;Incrocio;Una carreggiata a senso unico di marcia;Asciutto;Asfaltata;Verticale ed orizzontale;Sereno;Scarso;Buona;Ore Diurne;2;0;0;0;12.4871;41.9084;-1;1;Motociclo con passeggero;In marcia / fermata / arresto;Passeggero;M;Rifiuta cure immediate;0;NON DECEDUTO;;
4502716;10;05/08/2019 06:30:00;Strada Urbana;VIA APPIA NUOVA;in prossimit�;;del civico n.;1411;;Infortunio per caduta del veicolo;Rettilineo;Pi� di due carreggiate;Asciutto;Asfaltata;Verticale ed orizzontale;Sereno;Intenso;Buona;Ore Diurne;1;0;0;0;12.5787;41.8067;-1;1;Motociclo a solo;In marcia / fermata / arresto;Conducente;M;Rimandato;0;NON DECEDUTO;Non accertato;
4502761;7;03/08/2019 20:15:00;Strada Urbana;VIALE PALMIRO TOGLIATTI;in corrispondenza;;del civico n.;575;;Veicolo in marcia contro ostacolo accidentale;Rettilineo;Due carreggiate;Asciutto;Asfaltata;Orizzontale;Sereno;Normale;Buona;Ore Diurne;0;0;0;3;12.5712;41.8765;-1;1;Autovettura privata;In marcia / fermata / arresto;Conducente;F;Illeso;0;;Non accertato;Inesploso
4502761;7;03/08/2019 20:15:00;Strada Urbana;VIALE PALMIRO TOGLIATTI;in corrispondenza;;del civico n.;575;;Veicolo in marcia contro ostacolo accidentale;Rettilineo;Due carreggiate;Asciutto;Asfaltata;Orizzontale;Sereno;Normale;Buona;Ore Diurne;0;0;0;3;12.5712;41.8765;-1;1;Autovettura privata;In marcia / fermata / arresto;Passeggero;F;Illeso;0;;Non accertato;Inesploso
4502761;7;03/08/2019 20:15:00;Strada Urbana;VIALE PALMIRO TOGLIATTI;in corrispondenza;;del civico n.;575;;Veicolo in marcia contro ostacolo accidentale;Rettilineo;Due carreggiate;Asciutto;Asfaltata;Orizzontale;Sereno;Normale;Buona;Ore Diurne;0;0;0;3;12.5712;41.8765;-1;1;Autovettura privata;In marcia / fermata / arresto;Passeggero;M;Illeso;0;;Non accertato;Inesploso
4502775;18;02/08/2019 20:45:00;Strada Urbana;VIA DI TORRE ROSSA;in corrispondenza;;del civico n.;66;;Tamponamento;Rettilineo;Una carreggiata a doppio senso;Bagnato (pioggia);Asfaltata;Verticale ed orizzontale;Nuvoloso;Normale;Sufficiente;Sufficiente;1;0;0;1;12.4267;41.8924;-1;1;Autovettura privata;In marcia / fermata / arresto;Conducente;M;Illeso;0;;Non accertato;Inesploso
4502775;18;02/08/2019 20:45:00;Strada Urbana;VIA DI TORRE ROSSA;in corrispondenza;;del civico n.;66;;Tamponamento;Rettilineo;Una carreggiata a doppio senso;Bagnato (pioggia);Asfaltata;Verticale ed orizzontale;Nuvoloso;Normale;Sufficiente;Sufficiente;1;0;0;1;12.4267;41.8924;-1;2;Motociclo a solo;In marcia / fermata / arresto;Conducente;M;Rimandato;0;NON DECEDUTO;Non accertato;
4502785;7;05/08/2019 07:50:00;Strada Urbana;VIA EMILIO LONGONI;da specificare;;;;palo luce 64;Scontro laterale fra veicoli in marcia;Rettilineo;Due carreggiate;Asciutto;Asfaltata;Verticale ed orizzontale;Sereno;Normale;Buona;Ore Diurne;0;0;0;4;12.6037;41.9005;-1;1;Autovettura privata;In marcia / fermata / arresto;Conducente;M;Illeso;0;;Non accertato;Inesploso
4502785;7;05/08/2019 07:50:00;Strada Urbana;VIA EMILIO LONGONI;da specificare;;;;palo luce 64;Scontro laterale fra veicoli in marcia;Rettilineo;Due carreggiate;Asciutto;Asfaltata;Verticale ed orizzontale;Sereno;Normale;Buona;Ore Diurne;0;0;0;4;12.6037;41.9005;-1;2;Autocarro inferiore 35 q.;In marcia / fermata / arresto;Passeggero;M;Illeso;0;;Non accertato;Inesploso
4502785;7;05/08/2019 07:50:00;Strada Urbana;VIA EMILIO LONGONI;da specificare;;;;palo luce 64;Scontro laterale fra veicoli in marcia;Rettilineo;Due carreggiate;Asciutto;Asfaltata;Verticale ed orizzontale;Sereno;Normale;Buona;Ore Diurne;0;0;0;4;12.6037;41.9005;-1;2;Autocarro inferiore 35 q.;In marcia / fermata / arresto;Conducente;M;Illeso;0;;Non accertato;Inesploso
4502785;7;05/08/2019 07:50:00;Strada Urbana;VIA EMILIO LONGONI;da specificare;;;;palo luce 64;Scontro laterale fra veicoli in marcia;Rettilineo;Due carreggiate;Asciutto;Asfaltata;Verticale ed orizzontale;Sereno;Normale;Buona;Ore Diurne;0;0;0;4;12.6037;41.9005;-1;2;Autocarro inferiore 35 q.;In marcia / fermata / arresto;Passeggero;M;Illeso;0;;Non accertato;Inesploso
4502791;1;03/08/2019 15:45:00;Strada Urbana;VIA NAZIONALE;in prossimit�;;del civico n.;188;;Veicolo in marcia contro veicolo fermo;Rettilineo;Una carreggiata a doppio senso;Asciutto;Acciotolata;Orizzontale;Sereno;Normale;Buona;Ore Diurne;0;0;0;1;12.489;41.898;-1;1;Autovettura privata;In marcia / fermata / arresto;Conducente;M;Illeso;0;;;
4502791;1;03/08/2019 15:45:00;Strada Urbana;VIA NAZIONALE;in prossimit�;;del civico n.;188;;Veicolo in marcia contro veicolo fermo;Rettilineo;Una carreggiata a doppio senso;Asciutto;Acciotolata;Orizzontale;Sereno;Normale;Buona;Ore Diurne;0;0;0;1;12.489;41.898;-1;2;Autobus di linea;Allontanatosi;;;;;;;
4502816;9;05/08/2019 10:30:00;Strada Urbana;LARGO DEI COLLI ALBANI;in corrispondenza;;del civico n.;24;;Investimento di pedone;Rettilineo;Pi� di due carreggiate;Asciutto;Asfaltata;Assente;Sereno;Scarso;Buona;Ore Diurne;1;0;0;2;12.5299;41.8698;-1;;;;Pedone;M;Rimandato;0;NON DECEDUTO;;
4502816;9;05/08/2019 10:30:00;Strada Urbana;LARGO DEI COLLI ALBANI;in corrispondenza;;del civico n.;24;;Investimento di pedone;Rettilineo;Pi� di due carreggiate;Asciutto;Asfaltata;Assente;Sereno;Scarso;Buona;Ore Diurne;1;0;0;2;12.5299;41.8698;-1;1;Autovettura privata;In marcia / fermata / arresto;Conducente;M;Illeso;0;;Non accertato;Inesploso
4502816;9;05/08/2019 10:30:00;Strada Urbana;LARGO DEI COLLI ALBANI;in corrispondenza;;del civico n.;24;;Investimento di pedone;Rettilineo;Pi� di due carreggiate;Asciutto;Asfaltata;Assente;Sereno;Scarso;Buona;Ore Diurne;1;0;0;2;12.5299;41.8698;-1;1;Autovettura privata;In marcia / fermata / arresto;Passeggero;F;Illeso;0;;Non accertato;Inesploso
4502826;16;03/08/2019 19:45:00;Strada Urbana;VIA DI BRAVETTA;all'intersezione semaforizzata con;VIA SILVESTRI;VIA SILVESTRI;;;Scontro frontale/laterale DX fra veicoli in marcia;Intersezione semaforizzata;Una carreggiata a doppio senso;Asciutto;Asfaltata;Verticale ed orizzontale;Sereno;Normale;Buona;Ore Diurne;1;0;0;1;12.4257;41.8762;-1;1;Autovettura privata;In marcia / fermata / arresto;Conducente;M;Illeso;0;;Non accertato;Inesploso
4502826;16;03/08/2019 19:45:00;Strada Urbana;VIA DI BRAVETTA;all'intersezione semaforizzata con;VIA SILVESTRI;VIA SILVESTRI;;;Scontro frontale/laterale DX fra veicoli in marcia;Intersezione semaforizzata;Una carreggiata a doppio senso;Asciutto;Asfaltata;Verticale ed orizzontale;Sereno;Normale;Buona;Ore Diurne;1;0;0;1;12.4257;41.8762;-1;2;Motociclo a solo;In marcia / fermata / arresto;Conducente;M;Rimandato;0;NON DECEDUTO;Non accertato;
4502834;16;03/08/2019 22:00:00;Strada Urbana;VIA DI PONZIANO;in corrispondenza;;del civico n.;22;;Veicolo in marcia contro veicolo in sosta;Curva a visuale libera;Una carreggiata a senso unico di marcia;Asciutto;Asfaltata;Verticale ed orizzontale;Sereno;Normale;Buona;Sufficiente;0;0;0;2;12.4648;41.8763;-1;1;Autovettura privata;Sosta;Passeggero;M;Illeso;0;;;Inesploso
4502834;16;03/08/2019 22:00:00;Strada Urbana;VIA DI PONZIANO;in corrispondenza;;del civico n.;22;;Veicolo in marcia contro veicolo in sosta;Curva a visuale libera;Una carreggiata a senso unico di marcia;Asciutto;Asfaltata;Verticale ed orizzontale;Sereno;Normale;Buona;Sufficiente;0;0;0;2;12.4648;41.8763;-1;2;Autovettura privata;In marcia / fermata / arresto;Conducente;M;Illeso;0;;Non accertato;Inesploso
4502841;18;05/08/2019 00:45:00;Strada Urbana;VIA SORELLE MARCHISIO;in prossimit�;;del civico n.;8;;Veicolo in marcia contro veicoli in sosta;Curva a visuale libera;Una carreggiata a senso unico di marcia;Asciutto;Asfaltata;Assente;Sereno;Scarso;Sufficiente;Sufficiente;0;0;0;1;12.424;41.9247;-1;1;Autobus urbano;In marcia / fermata / arresto;Conducente;M;Illeso;0;;;
4502841;18;05/08/2019 00:45:00;Strada Urbana;VIA SORELLE MARCHISIO;in prossimit�;;del civico n.;8;;Veicolo in marcia contro veicoli in sosta;Curva a visuale libera;Una carreggiata a senso unico di marcia;Asciutto;Asfaltata;Assente;Sereno;Scarso;Sufficiente;Sufficiente;0;0;0;1;12.424;41.9247;-1;2;Autovettura privata;Sosta;;;;;;;
4502841;18;05/08/2019 00:45:00;Strada Urbana;VIA SORELLE MARCHISIO;in prossimit�;;del civico n.;8;;Veicolo in marcia contro veicoli in sosta;Curva a visuale libera;Una carreggiata a senso unico di marcia;Asciutto;Asfaltata;Assente;Sereno;Scarso;Sufficiente;Sufficiente;0;0;0;1;12.424;41.9247;-1;3;Autovettura privata;Sosta;;;;;;;
4502841;18;05/08/2019 00:45:00;Strada Urbana;VIA SORELLE MARCHISIO;in prossimit�;;del civico n.;8;;Veicolo in marcia contro veicoli in sosta;Curva a visuale libera;Una carreggiata a senso unico di marcia;Asciutto;Asfaltata;Assente;Sereno;Scarso;Sufficiente;Sufficiente;0;0;0;1;12.424;41.9247;-1;4;Autovettura privata;Sosta;;;;;;;