Protocollo;Gruppo;DataOraIncidente;Localizzazione1;STRADA1;Localizzazione2;STRADA2;Strada02;Chilometrica;DaSpecificare;NaturaIncidente;particolaritastrade;TipoStrada;FondoStradale;Pavimentazione;Segnaletica;CondizioneAtmosferica;Traffico;Visibilita;Illuminazione;NUM_FERITI;NUM_RISERVATA;NUM_MORTI;NUM_ILLESI;Longitudine;Latitudine;Confermato;Progressivo;TipoVeicolo;StatoVeicolo;TipoPersona;Sesso;Tipolesione;Deceduto;DecedutoDopo;CinturaCascoUtilizzato;Airbag;
4516252;8;19/08/2019 15:58:00;Strada Urbana;VIA CASILINA;all'intersezione con;VIA DI TORRENOVA;VIA DI TORRENOVA;;;Scontro frontale/laterale DX fra veicoli in marcia;Incrocio;Una carreggiata a doppio senso;Asciutto;Asfaltata;Verticale ed orizzontale;Sereno;Normale;Buona;Ore Diurne;3;0;0;0;12.6199;41.8628;-1;1;Autovettura privata;In marcia / fermata / arresto;Passeggero;F;Rimandato;0;NON DECEDUTO;;
4516252;8;19/08/2019 15:58:00;Strada Urbana;VIA CASILINA;all'intersezione con;VIA DI TORRENOVA;VIA DI TORRENOVA;;;Scontro frontale/laterale DX fra veicoli in marcia;Incrocio;Una carreggiata a doppio senso;Asciutto;Asfaltata;Verticale ed orizzontale;Sereno;Normale;Buona;Ore Diurne;3;0;0;0;12.6199;41.8628;-1;2;Autovettura privata;In marcia / fermata / arresto;Conducente;F;Rimandato;0;NON DECEDUTO;;
4516253;11;19/08/2019 18:45:00;Strada Urbana;VIA CAPITAN BAVASTRO;all'intersezione con;VIA RODRIGO DE TRIANA ;VIA RODRIGO DE TRIANA ;;;Veicolo in marcia contro ostacolo fisso;Intersezione stradale segnalata;Una carreggiata a doppio senso;Asciutto;Asfaltata;Verticale ed orizzontale;Sereno;Scarso;Buona;Ore Diurne;0;0;0;1;12.4933;41.869;-1;1;Autovettura privata;In marcia / fermata / arresto;Conducente;M;Illeso;0;;Non accertato;
4516259;9;19/08/2019 15:20:00;Strada Urbana;VIA IBERIA;in corrispondenza;;del civico n.;34;;Veicolo in marcia contro ostacolo accidentale;Rettilineo;Una carreggiata a senso unico di marcia;Asciutto;Asfaltata;Assente;Sereno;Scarso;Buona;Ore Diurne;0;0;0;3;12.5048;41.8796;-1;1;Autovettura privata;In marcia / fermata / arresto;Passeggero;F;Illeso;0;;Non accertato;Inesploso
4516259;9;19/08/2019 15:20:00;Strada Urbana;VIA IBERIA;in corrispondenza;;del civico n.;34;;Veicolo in marcia contro ostacolo accidentale;Rettilineo;Una carreggiata a senso unico di marcia;Asciutto;Asfaltata;Assente;Sereno;Scarso;Buona;Ore Diurne;0;0;0;3;12.5048;41.8796;-1;1;Autovettura privata;In marcia / fermata / arresto;Conducente;M;Illeso;0;;Non accertato;Inesploso
4516259;9;19/08/2019 15:20:00;Strada Urbana;VIA IBERIA;in corrispondenza;;del civico n.;34;;Veicolo in marcia contro ostacolo accidentale;Rettilineo;Una carreggiata a senso unico di marcia;Asciutto;Asfaltata;Assente;Sereno;Scarso;Buona;Ore Diurne;0;0;0;3;12.5048;41.8796;-1;1;Autovettura privata;In marcia / fermata / arresto;Passeggero;F;Illeso;0;;Non accertato;Inesploso
4516260;11;18/08/2019 23:30:00;Strada Urbana;VIA DI GROTTA PERFETTA;in corrispondenza;;del civico n.;516;;Veicolo in marcia contro ostacolo fisso;Rettilineo;Una carreggiata a doppio senso;Asciutto;Asfaltata;Verticale ed orizzontale;Sereno;Scarso;Buona;Sufficiente;0;0;0;1;12.5053;41.8394;-1;1;Autovettura privata;In marcia / fermata / arresto;Conducente;M;Illeso;0;;;
4516264;15;19/08/2019 09:50:00;Strada Urbana;VIA DELLA MAGLIANA NUOVA;all'intersezione con;VIA GUIDO MIGLIOLI;VIA GUIDO MIGLIOLI;;;Infortunio per sola frenata improvvisa;Intersezione semaforizzata;Una carreggiata a doppio senso;Asciutto;Asfaltata;Verticale ed orizzontale;Sereno;Scarso;Buona;Ore Diurne;1;0;0;0;12.4567;41.8494;-1;1;Motociclo a solo;In marcia / fermata / arresto;Conducente;M;Rimandato;0;NON DECEDUTO;Non accertato;
4516279;9;19/08/2019 17:00:00;Strada Urbana;VIA FRASCATI;da specificare;;;;FRONTE CIV. 15;Veicolo in marcia contro ostacolo fisso;Rettilineo;Una carreggiata a senso unico di marcia;Asciutto;Asfaltata;Verticale ed orizzontale;Sereno;Scarso;Buona;Ore Diurne;1;0;0;0;12.5419;41.8655;-1;1;Motociclo a solo;In marcia / fermata / arresto;Conducente;M;Rimandato;0;NON DECEDUTO;;
4516284;7;19/08/2019 14:35:00;Strada Urbana;VIALE PALMIRO TOGLIATTI;all'intersezione con;PIAZZALE PINO PASCALI;PIAZZALE PINO PASCALI;;;Scontro frontale/laterale DX fra veicoli in marcia;Incrocio;Una carreggiata a senso unico di marcia;Asciutto;Asfaltata;Verticale ed orizzontale;Sereno;Scarso;Buona;Ore Diurne;3;0;0;0;12.5759;41.8972;-1;1;Autovettura privata;In marcia / fermata / arresto;Passeggero;F;Rimandato;0;NON DECEDUTO;;Esploso
4516284;7;19/08/2019 14:35:00;Strada Urbana;VIALE PALMIRO TOGLIATTI;all'intersezione con;PIAZZALE PINO PASCALI;PIAZZALE PINO PASCALI;;;Scontro frontale/laterale DX fra veicoli in marcia;Incrocio;Una carreggiata a senso unico di marcia;Asciutto;Asfaltata;Verticale ed orizzontale;Sereno;Scarso;Buona;Ore Diurne;3;0;0;0;12.5759;41.8972;-1;1;Autovettura privata;In marcia / fermata / arresto;Conducente;M;Rimandato;0;NON DECEDUTO;Non accertato;Esploso
4516284;7;19/08/2019 14:35:00;Strada Urbana;VIALE PALMIRO TOGLIATTI;all'intersezione con;PIAZZALE PINO PASCALI;PIAZZALE PINO PASCALI;;;Scontro frontale/laterale DX fra veicoli in marcia;Incrocio;Una carreggiata a senso unico di marcia;Asciutto;Asfaltata;Verticale ed orizzontale;Sereno;Scarso;Buona;Ore Diurne;3;0;0;0;12.5759;41.8972;-1;2;Autovettura privata;In marcia / fermata / arresto;Conducente;M;Rimandato;0;NON DECEDUTO;Non accertato;Esploso
4516285;8;20/08/2019 02:55:00;Strada Urbana;VIA MARFORIO;in prossimit�;;del civico n.;13;;Veicolo in marcia contro veicoli in sosta;Rotatoria;Una carreggiata a senso unico di marcia;Asciutto;Asfaltata;Verticale ed orizzontale;Sereno;Scarso;Buona;Sufficiente;0;0;0;1;12.5796;41.8674;-1;1;Autovettura privata;Sosta;;;;;;;
4516285;8;20/08/2019 02:55:00;Strada Urbana;VIA MARFORIO;in prossimit�;;del civico n.;13;;Veicolo in marcia contro veicoli in sosta;Rotatoria;Una carreggiata a senso unico di marcia;Asciutto;Asfaltata;Verticale ed orizzontale;Sereno;Scarso;Buona;Sufficiente;0;0;0;1;12.5796;41.8674;-1;2;Altro;In marcia / fermata / arresto;Conducente;M;Illeso;0;;Non accertato;Inesploso
4516286;17;19/08/2019 12:00:00;Strada Urbana;VIA RUGGERO DI LAURIA;all'intersezione con;VIA FRANCESCO CARACCIOLO;VIA FRANCESCO CARACCIOLO;;;Scontro frontale/laterale DX fra veicoli in marcia;Incrocio;Una carreggiata a senso unico di marcia;Asciutto;Asfaltata;Verticale ed orizzontale;Sereno;Normale;Buona;Ore Diurne;0;0;0;6;12.4505;41.9084;-1;1;Autovettura privata;In marcia / fermata / arresto;Conducente;M;Illeso;0;;Non accertato;
4516286;17;19/08/2019 12:00:00;Strada Urbana;VIA RUGGERO DI LAURIA;all'intersezione con;VIA FRANCESCO CARACCIOLO;VIA FRANCESCO CARACCIOLO;;;Scontro frontale/laterale DX fra veicoli in marcia;Incrocio;Una carreggiata a senso unico di marcia;Asciutto;Asfaltata;Verticale ed orizzontale;Sereno;Normale;Buona;Ore Diurne;0;0;0;6;12.4505;41.9084;-1;2;Autovettura privata;In marcia / fermata / arresto;Passeggero;M;Illeso;0;;;
4516286;17;19/08/2019 12:00:00;Strada Urbana;VIA RUGGERO DI LAURIA;all'intersezione con;VIA FRANCESCO CARACCIOLO;VIA FRANCESCO CARACCIOLO;;;Scontro frontale/laterale DX fra veicoli in marcia;Incrocio;Una carreggiata a senso unico di marcia;Asciutto;Asfaltata;Verticale ed orizzontale;Sereno;Normale;Buona;Ore Diurne;0;0;0;6;12.4505;41.9084;-1;2;Autovettura privata;In marcia / fermata / arresto;Conducente;M;Illeso;0;;Non accertato;
4516286;17;19/08/2019 12:00:00;Strada Urbana;VIA RUGGERO DI LAURIA;all'intersezione con;VIA FRANCESCO CARACCIOLO;VIA FRANCESCO CARACCIOLO;;;Scontro frontale/laterale DX fra veicoli in marcia;Incrocio;Una carreggiata a senso unico di marcia;Asciutto;Asfaltata;Verticale ed orizzontale;Sereno;Normale;Buona;Ore Diurne;0;0;0;6;12.4505;41.9084;-1;2;Autovettura privata;In marcia / fermata / arresto;Passeggero;M;Illeso;0;;;
4516286;17;19/08/2019 12:00:00;Strada Urbana;VIA RUGGERO DI LAURIA;all'intersezione con;VIA FRANCESCO CARACCIOLO;VIA FRANCESCO CARACCIOLO;;;Scontro frontale/laterale DX fra veicoli in marcia;Incrocio;Una carreggiata a senso unico di marcia;Asciutto;Asfaltata;Verticale ed orizzontale;Sereno;Normale;Buona;Ore Diurne;0;0;0;6;12.4505;41.9084;-1;2;Autovettura privata;In marcia / fermata / arresto;Passeggero;M;Illeso;0;;;
4516286;17;19/08/2019 12:00:00;Strada Urbana;VIA RUGGERO DI LAURIA;all'intersezione con;VIA FRANCESCO CARACCIOLO;VIA FRANCESCO CARACCIOLO;;;Scontro frontale/laterale DX fra veicoli in marcia;Incrocio;Una carreggiata a senso unico di marcia;Asciutto;Asfaltata;Verticale ed orizzontale;Sereno;Normale;Buona;Ore Diurne;0;0;0;6;12.4505;41.9084;-1;2;Autovettura privata;In marcia / fermata / arresto;Passeggero;M;Illeso;0;;;
4516287;20;20/08/2019 00:35:00;Strada Urbana;VIA S. GIOVANNA ELISABETTA;da specificare;;;;prossimit� via di San Godenzo;Veicolo in marcia contro ostacolo accidentale;Rettilineo;Una carreggiata a senso unico di marcia;Viscido da liquidi oleosi;Asfaltata;Verticale ed orizzontale;Sereno;Scarso;Insufficiente;Inesistente;0;0;0;2;12.4557;41.9605;-1;1;Autovettura privata;In marcia / fermata / arresto;Conducente;M;Illeso;0;;Non accertato;
4516287;20;20/08/2019 00:35:00;Strada Urbana;VIA S. GIOVANNA ELISABETTA;da specificare;;;;prossimit� via di San Godenzo;Veicolo in marcia contro ostacolo accidentale;Rettilineo;Una carreggiata a senso unico di marcia;Viscido da liquidi oleosi;Asfaltata;Verticale ed orizzontale;Sereno;Scarso;Insufficiente;Inesistente;0;0;0;2;12.4557;41.9605;-1;2;Autocarro superiore 35 q.;In marcia / fermata / arresto;Conducente;M;Illeso;0;;Non accertato;
4516297;15;19/08/2019 23:00:00;Strada Urbana;VIA GIUSEPPE CERBARA;in corrispondenza;;del civico n.;42;;Veicolo in marcia contro veicoli in sosta;Rettilineo;Una carreggiata a senso unico di marcia;Asciutto;Asfaltata;Verticale;Sereno;Scarso;Sufficiente;Sufficiente;0;0;0;1;12.5029;41.8547;-1;1;Autovettura privata;Sosta;;;;;;;
4516297;15;19/08/2019 23:00:00;Strada Urbana;VIA GIUSEPPE CERBARA;in corrispondenza;;del civico n.;42;;Veicolo in marcia contro veicoli in sosta;Rettilineo;Una carreggiata a senso unico di marcia;Asciutto;Asfaltata;Verticale;Sereno;Scarso;Sufficiente;Sufficiente;0;0;0;1;12.5029;41.8547;-1;2;Autovettura privata;Sosta;;;;;;;
4516297;15;19/08/2019 23:00:00;Strada Urbana;VIA GIUSEPPE CERBARA;in corrispondenza;;del civico n.;42;;Veicolo in marcia contro veicoli in sosta;Rettilineo;Una carreggiata a senso unico di marcia;Asciutto;Asfaltata;Verticale;Sereno;Scarso;Sufficiente;Sufficiente;0;0;0;1;12.5029;41.8547;-1;3;Quadriciclo;In marcia / fermata / arresto;Conducente;M;Illeso;0;;;
4516315;10;19/08/2019 14:55:00;Strada Urbana;VIA APPIA NUOVA;da specificare;;;;alt. svincolo GRA direzione ardeatina pontina;Scontro frontale/laterale DX fra veicoli in marcia;Rettilineo;Due carreggiate;Asciutto;Asfaltata;Verticale ed orizzontale;Sereno;Normale;Buona;Ore Diurne;1;0;0;3;12.5718;41.8135;-1;1;Autovettura privata;In marcia / fermata / arresto;Passeggero;M;Illeso;0;;Non accertato;Inesploso
4516315;10;19/08/2019 14:55:00;Strada Urbana;VIA APPIA NUOVA;da specificare;;;;alt. svincolo GRA direzione ardeatina pontina;Scontro frontale/laterale DX fra veicoli in marcia;Rettilineo;Due carreggiate;Asciutto;Asfaltata;Verticale ed orizzontale;Sereno;Normale;Buona;Ore Diurne;1;0;0;3;12.5718;41.8135;-1;1;Autovettura privata;In marcia / fermata / arresto;Passeggero;F;Illeso;0;;Non accertato;Inesploso
4516315;10;19/08/2019 14:55:00;Strada Urbana;VIA APPIA NUOVA;da specificare;;;;alt. svincolo GRA direzione ardeatina pontina;Scontro frontale/laterale DX fra veicoli in marcia;Rettilineo;Due carreggiate;Asciutto;Asfaltata;Verticale ed orizzontale;Sereno;Normale;Buona;Ore Diurne;1;0;0;3;12.5718;41.8135;-1;1;Autovettura privata;In marcia / fermata / arresto;Conducente;M;Illeso;0;;Non accertato;Inesploso
4516315;10;19/08/2019 14:55:00;Strada Urbana;VIA APPIA NUOVA;da specificare;;;;alt. svincolo GRA direzione ardeatina pontina;Scontro frontale/laterale DX fra veicoli in marcia;Rettilineo;Due carreggiate;Asciutto;Asfaltata;Verticale ed orizzontale;Sereno;Normale;Buona;Ore Diurne;1;0;0;3;12.5718;41.8135;-1;2;Motociclo a solo;In marcia / fermata / arresto;Conducente;M;Rimandato;0;NON DECEDUTO;Non accertato;
4516328;19;19/08/2019 09:25:00;Strada Urbana;VIALE ESPERIA SPERANI;da specificare;;;;pross. via Maria Giudice;Veicolo in marcia contro ostacolo accidentale;Rettilineo;Una carreggiata a doppio senso;Asciutto;Asfaltata;Assente;Sereno;Normale;Sufficiente;Ore Diurne;0;0;0;1;12.3967;41.9617;-1;1;Autobus urbano;In marcia / fermata / arresto;Conducente;M;Illeso;0;;;
4516333;12;19/08/2019 12:40:00;Strada Urbana;VIA ELIO CHIANESI;in corrispondenza;;del civico n.;45/47;;Scontro laterale fra veicoli in marcia;Rettilineo;Una carreggiata a doppio senso;Asciutto;Asfaltata;Verticale ed orizzontale;Sereno;Normale;Buona;Ore Diurne;0;0;0;4;12.4483;41.8028;-1;1;Autovettura privata;In marcia / fermata / arresto;Conducente;F;Illeso;0;;Non accertato;Inesploso
4516333;12;19/08/2019 12:40:00;Strada Urbana;VIA ELIO CHIANESI;in corrispondenza;;del civico n.;45/47;;Scontro laterale fra veicoli in marcia;Rettilineo;Una carreggiata a doppio senso;Asciutto;Asfaltata;Verticale ed orizzontale;Sereno;Normale;Buona;Ore Diurne;0;0;0;4;12.4483;41.8028;-1;1;Autovettura privata;In marcia / fermata / arresto;Passeggero;F;Illeso;0;;Utilizzato;Inesploso
4516333;12;19/08/2019 12:40:00;Strada Urbana;VIA ELIO CHIANESI;in corrispondenza;;del civico n.;45/47;;Scontro laterale fra veicoli in marcia;Rettilineo;Una carreggiata a doppio senso;Asciutto;Asfaltata;Verticale ed orizzontale;Sereno;Normale;Buona;Ore Diurne;0;0;0;4;12.4483;41.8028;-1;1;Autovettura privata;In marcia / fermata / arresto;Passeggero;F;Illeso;0;;Utilizzato;Inesploso
4516333;12;19/08/2019 12:40:00;Strada Urbana;VIA ELIO CHIANESI;in corrispondenza;;del civico n.;45/47;;Scontro laterale fra veicoli in marcia;Rettilineo;Una carreggiata a doppio senso;Asciutto;Asfaltata;Verticale ed orizzontale;Sereno;Normale;Buona;Ore Diurne;0;0;0;4;12.4483;41.8028;-1;2;Autovettura privata;In marcia / fermata / arresto;Conducente;F;Illeso;0;;Non accertato;Inesploso
4516336;17;19/08/2019 07:15:00;Strada Urbana;CIRCONVALLAZIONE TRIONFALE;all'intersezione con;VIA MARSILIO FICINO;VIA MARSILIO FICINO;;;Scontro frontale/laterale DX fra veicoli in marcia;Intersezione non regolata/non segnalata;Pi� di due carreggiate;Asciutto;Asfaltata;Verticale ed orizzontale;Sereno;Scarso;Buona;Ore Diurne;0;0;0;2;12.4502;41.9129;-1;1;Autovettura privata;In marcia / fermata / arresto;Conducente;F;Illeso;0;;;
4516336;17;19/08/2019 07:15:00;Strada Urbana;CIRCONVALLAZIONE TRIONFALE;all'intersezione con;VIA MARSILIO FICINO;VIA MARSILIO FICINO;;;Scontro frontale/laterale DX fra veicoli in marcia;Intersezione non regolata/non segnalata;Pi� di due carreggiate;Asciutto;Asfaltata;Verticale ed orizzontale;Sereno;Scarso;Buona;Ore Diurne;0;0;0;2;12.4502;41.9129;-1;2;Motociclo a solo;In marcia / fermata / arresto;Conducente;M;Illeso;0;;;
4516337;19;19/08/2019 17:00:00;Strada Urbana;VIA MARIO FANI;all'intersezione con;VIA STRESA;VIA STRESA;;;Scontro frontale/laterale DX fra veicoli in marcia;Incrocio;Una carreggiata a doppio senso;Asciutto;Asfaltata;Verticale ed orizzontale;Sereno;Normale;Buona;Ore Diurne;0;0;0;5;12.4368;41.9365;-1;1;Autovettura privata;In marcia / fermata / arresto;Passeggero;F;Illeso;0;;Non accertato;Inesploso
4516337;19;19/08/2019 17:00:00;Strada Urbana;VIA MARIO FANI;all'intersezione con;VIA STRESA;VIA STRESA;;;Scontro frontale/laterale DX fra veicoli in marcia;Incrocio;Una carreggiata a doppio senso;Asciutto;Asfaltata;Verticale ed orizzontale;Sereno;Normale;Buona;Ore Diurne;0;0;0;5;12.4368;41.9365;-1;1;Autovettura privata;In marcia / fermata / arresto;Passeggero;M;Illeso;0;;Non accertato;Inesploso
4516337;19;19/08/2019 17:00:00;Strada Urbana;VIA MARIO FANI;all'intersezione con;VIA STRESA;VIA STRESA;;;Scontro frontale/laterale DX fra veicoli in marcia;Incrocio;Una carreggiata a doppio senso;Asciutto;Asfaltata;Verticale ed orizzontale;Sereno;Normale;Buona;Ore Diurne;0;0;0;5;12.4368;41.9365;-1;1;Autovettura privata;In marcia / fermata / arresto;Passeggero;F;Illeso;0;;Non accertato;Inesploso
4516337;19;19/08/2019 17:00:00;Strada Urbana;VIA MARIO FANI;all'intersezione con;VIA STRESA;VIA STRESA;;;Scontro frontale/laterale DX fra veicoli in marcia;Incrocio;Una carreggiata a doppio senso;Asciutto;Asfaltata;Verticale ed orizzontale;Sereno;Normale;Buona;Ore Diurne;0;0;0;5;12.4368;41.9365;-1;1;Autovettura privata;In marcia / fermata / arresto;Conducente;F;Illeso;0;;Non accertato;Inesploso
4516337;19;19/08/2019 17:00:00;Strada Urbana;VIA MARIO FANI;all'intersezione con;VIA STRESA;VIA STRESA;;;Scontro frontale/laterale DX fra veicoli in marcia;Incrocio;Una carreggiata a doppio senso;Asciutto;Asfaltata;Verticale ed orizzontale;Sereno;Normale;Buona;Ore Diurne;0;0;0;5;12.4368;41.9365;-1;2;Autovettura privata;In marcia / fermata / arresto;Conducente;M;Illeso;0;;Non accertato;Inesploso
4516346;1;20/08/2019 00:40:00;Strada Urbana;LUNGOTEVERE DEI FIORENTINI;all'intersezione semaforizzata con;CORSO VITTORIO EMANUELE II;CORSO VITTORIO EMANUELE II;;;Scontro frontale/laterale DX fra veicoli in marcia;Incrocio;Una carreggiata a senso unico di marcia;Asciutto;Asfaltata;Verticale ed orizzontale;Sereno;Scarso;Sufficiente;Sufficiente;2;0;0;3;12.4649;41.9007;-1;1;Autovettura privata;In marcia / fermata / arresto;Conducente;M;Illeso;0;;;
4516346;1;20/08/2019 00:40:00;Strada Urbana;LUNGOTEVERE DEI FIORENTINI;all'intersezione semaforizzata con;CORSO VITTORIO EMANUELE II;CORSO VITTORIO EMANUELE II;;;Scontro frontale/laterale DX fra veicoli in marcia;Incrocio;Una carreggiata a senso unico di marcia;Asciutto;Asfaltata;Verticale ed orizzontale;Sereno;Scarso;Sufficiente;Sufficiente;2;0;0;3;12.4649;41.9007;-1;2;Autovettura privata;In marcia / fermata / arresto;Conducente;M;Illeso;0;;;
4516346;1;20/08/2019 00:40:00;Strada Urbana;LUNGOTEVERE DEI FIORENTINI;all'intersezione semaforizzata con;CORSO VITTORIO EMANUELE II;CORSO VITTORIO EMANUELE II;;;Scontro frontale/laterale DX fra veicoli in marcia;Incrocio;Una carreggiata a senso unico di marcia;Asciutto;Asfaltata;Verticale ed orizzontale;Sereno;Scarso;Sufficiente;Sufficiente;2;0;0;3;12.4649;41.9007;-1;2;Autovettura privata;In marcia / fermata / arresto;Passeggero;M;Illeso;0;;;
4516346;1;20/08/2019 00:40:00;Strada Urbana;LUNGOTEVERE DEI FIORENTINI;all'intersezione semaforizzata con;CORSO VITTORIO EMANUELE II;CORSO VITTORIO EMANUELE II;;;Scontro frontale/laterale DX fra veicoli in marcia;Incrocio;Una carreggiata a senso unico di marcia;Asciutto;Asfaltata;Verticale ed orizzontale;Sereno;Scarso;Sufficiente;Sufficiente;2;0;0;3;12.4649;41.9007;-1;2;Autovettura privata;In marcia / fermata / arresto;Passeggero;M;Rimandato;0;NON DECEDUTO;;
4516353;5;19/08/2019 09:00:00;Strada Urbana;NUOVA CIRCONVALLAZIONE INTERNA;da specificare;;;;DIREZ. SAN GIOVANNI PROX ENTRATA VIA CHIAROMONTE;Veicolo in marcia contro ostacolo fisso;Rettilineo;Una carreggiata a senso unico di marcia;Asciutto;Asfaltata;Orizzontale;Sereno;Normale;Buona;Ore Diurne;1;0;0;0;12.5275;41.9209;-1;1;Autovettura privata;In marcia / fermata / arresto;Conducente;M;Rimandato;0;NON DECEDUTO;Non accertato;Esploso
4516355;19;19/08/2019 16:30:00;Strada Urbana;VIA CASOREZZO;all'intersezione con;VIA GORGONZOLA;VIA GORGONZOLA;;;Scontro laterale fra veicoli in marcia;Intersezione stradale segnalata;Una carreggiata a senso unico di marcia;Asciutto;Asfaltata;Verticale ed orizzontale;Sereno;Scarso;Buona;Ore Diurne;0;0;0;2;12.3835;41.9554;-1;1;Autovettura privata;In marcia / fermata / arresto;Conducente;F;Illeso;0;;;
4516355;19;19/08/2019 16:30:00;Strada Urbana;VIA CASOREZZO;all'intersezione con;VIA GORGONZOLA;VIA GORGONZOLA;;;Scontro laterale fra veicoli in marcia;Intersezione stradale segnalata;Una carreggiata a senso unico di marcia;Asciutto;Asfaltata;Verticale ed orizzontale;Sereno;Scarso;Buona;Ore Diurne;0;0;0;2;12.3835;41.9554;-1;2;Autovettura privata;In marcia / fermata / arresto;Conducente;M;Illeso;0;;;
4516364;5;20/08/2019 14:40:00;Strada Urbana;VIA FIUMINATA;all'intersezione con;VIA RECANATI;VIA RECANATI;;;Scontro frontale/laterale DX fra veicoli in marcia;Incrocio;Una carreggiata a senso unico di marcia;Asciutto;Asfaltata;Verticale ed orizzontale;Sereno;Normale;Buona;Ore Diurne;2;0;0;0;12.5857;41.94;-1;1;Autovettura privata;In marcia / fermata / arresto;Conducente;M;Rimandato;0;NON DECEDUTO;Non accertato;
4516364;5;20/08/2019 14:40:00;Strada Urbana;VIA FIUMINATA;all'intersezione con;VIA RECANATI;VIA RECANATI;;;Scontro frontale/laterale DX fra veicoli in marcia;Incrocio;Una carreggiata a senso unico di marcia;Asciutto;Asfaltata;Verticale ed orizzontale;Sereno;Normale;Buona;Ore Diurne;2;0;0;0;12.5857;41.94;-1;2;Autovettura privata;In marcia / fermata / arresto;Conducente;M;Rimandato;0;NON DECEDUTO;Non accertato;
4516372;18;19/08/2019 13:00:00;Strada Urbana;VIA BALDO DEGLI UBALDI;in corrispondenza;;del civico n.;348;;Tamponamento;Rettilineo;Due carreggiate;Asciutto;Asfaltata;Verticale ed orizzontale;Sereno;Normale;Buona;Ore Diurne;2;0;0;1;12.4402;41.9021;-1;;;;Pedone;F;Rifiuta cure immediate;0;NON DECEDUTO;;
4516372;18;19/08/2019 13:00:00;Strada Urbana;VIA BALDO DEGLI UBALDI;in corrispondenza;;del civico n.;348;;Tamponamento;Rettilineo;Due carreggiate;Asciutto;Asfaltata;Verticale ed orizzontale;Sereno;Normale;Buona;Ore Diurne;2;0;0;1;12.4402;41.9021;-1;1;Autovettura privata;In marcia / fermata / arresto;Conducente;M;Illeso;0;;Non accertato;Inesploso
4516372;18;19/08/2019 13:00:00;Strada Urbana;VIA BALDO DEGLI UBALDI;in corrispondenza;;del civico n.;348;;Tamponamento;Rettilineo;Due carreggiate;Asciutto;Asfaltata;Verticale ed orizzontale;Sereno;Normale;Buona;Ore Diurne;2;0;0;1;12.4402;41.9021;-1;2;Autovettura privata;In marcia / fermata / arresto;Conducente;F;Rifiuta cure immediate;0;NON DECEDUTO;Non accertato;Inesploso
4516388;10;19/08/2019 17:30:00;Strada Urbana;VIA DELLE CAPANNELLE;all'intersezione con;VIA DEL CALICE;VIA DEL CALICE;;;Scontro frontale/laterale SX fra veicoli in marcia;Incrocio;Una carreggiata a doppio senso;Asciutto;Asfaltata;Verticale ed orizzontale;Sereno;Normale;Buona;Ore Diurne;1;0;0;1;12.5659;41.8288;-1;1;Autobus turistico;In marcia / fermata / arresto;Conducente;M;Illeso;0;;;Inesploso
4516388;10;19/08/2019 17:30:00;Strada Urbana;VIA DELLE CAPANNELLE;all'intersezione con;VIA DEL CALICE;VIA DEL CALICE;;;Scontro frontale/laterale SX fra veicoli in marcia;Incrocio;Una carreggiata a doppio senso;Asciutto;Asfaltata;Verticale ed orizzontale;Sereno;Normale;Buona;Ore Diurne;1;0;0;1;12.5659;41.8288;-1;2;Autocarro inferiore 35 q.;In marcia / fermata / arresto;Conducente;F;Rifiuta cure immediate;0;NON DECEDUTO;Non accertato;Inesploso
4516399;2;19/08/2019 13:25:00;Strada Urbana;PIAZZA ANNIBALIANO;in prossimit�;;del civico n.;17A;;Veicolo in marcia contro veicoli in sosta;Curva a visuale libera;Una carreggiata a doppio senso;Asciutto;Asfaltata;Verticale ed orizzontale;Sereno;Scarso;Buona;Ore Diurne;0;0;0;1;12.5157;41.9244;-1;1;Autobus di linea;In marcia / fermata / arresto;Conducente;F;Illeso;0;;;
4516399;2;19/08/2019 13:25:00;Strada Urbana;PIAZZA ANNIBALIANO;in prossimit�;;del civico n.;17A;;Veicolo in marcia contro veicoli in sosta;Curva a visuale libera;Una carreggiata a doppio senso;Asciutto;Asfaltata;Verticale ed orizzontale;Sereno;Scarso;Buona;Ore Diurne;0;0;0;1;12.5157;41.9244;-1;2;Autocarro superiore 35 q.;Sosta;;;;;;;
4516399;2;19/08/2019 13:25:00;Strada Urbana;PIAZZA ANNIBALIANO;in prossimit�;;del civico n.;17A;;Veicolo in marcia contro veicoli in sosta;Curva a visuale libera;Una carreggiata a doppio senso;Asciutto;Asfaltata;Verticale ed orizzontale;Sereno;Scarso;Buona;Ore Diurne;0;0;0;1;12.5157;41.9244;-1;3;Autovettura privata;Sosta;;;;;;;
4516403;12;19/08/2019 18:20:00;Provinciale;VIA DEL PONTE DI PISCINA CUPA;da specificare;;;;parcheggio Outlet Castel Romano;Scontro frontale fra veicoli in marcia;Rettilineo;Una carreggiata a doppio senso;Asciutto;Asfaltata;Verticale ed orizzontale;Sereno;Scarso;Buona;Ore Diurne;0;0;0;3;12.4451;41.7168;-1;1;Autovettura privata;In marcia / fermata / arresto;Passeggero;F;Illeso;0;;Utilizzato;Inesploso