Protocollo;Gruppo;DataOraIncidente;Localizzazione1;STRADA1;Localizzazione2;STRADA2;Strada02;Chilometrica;DaSpecificare;NaturaIncidente;particolaritastrade;TipoStrada;FondoStradale;Pavimentazione;Segnaletica;CondizioneAtmosferica;Traffico;Visibilita;Illuminazione;NUM_FERITI;NUM_RISERVATA;NUM_MORTI;NUM_ILLESI;Longitudine;Latitudine;Confermato;Progressivo;TipoVeicolo;StatoVeicolo;TipoPersona;Sesso;Tipolesione;Deceduto;DecedutoDopo;CinturaCascoUtilizzato;Airbag;
4521905;20;24/08/2019 20:20:00;Strada Urbana;VIA DI GROTTAROSSA;in prossimit�;;del civico n.;154;;Scontro frontale/laterale DX fra veicoli in marcia;Rettilineo;Una carreggiata a doppio senso;Asciutto;Asfaltata;Verticale ed orizzontale;Nuvoloso;Scarso;Buona;Sufficiente;0;0;0;2;12.4423;41.9731;-1;2;Autovettura privata;In marcia / fermata / arresto;Conducente;M;Illeso;0;;;
4521907;3;25/08/2019 06:30:00;Strada Urbana;VIA CATANIA;in prossimit�;;del civico n.;52;;Veicolo in marcia contro ostacolo fisso;Rettilineo;Una carreggiata a doppio senso;Asciutto;Asfaltata;Verticale ed orizzontale;Sereno;Scarso;Buona;Ore Diurne;0;0;0;1;12.5187;41.9099;-1;1;Autovettura privata;In marcia / fermata / arresto;Conducente;F;Illeso;0;;Non accertato;Inesploso
4521907;3;25/08/2019 06:30:00;Strada Urbana;VIA CATANIA;in prossimit�;;del civico n.;52;;Veicolo in marcia contro ostacolo fisso;Rettilineo;Una carreggiata a doppio senso;Asciutto;Asfaltata;Verticale ed orizzontale;Sereno;Scarso;Buona;Ore Diurne;0;0;0;1;12.5187;41.9099;-1;2;Autovettura privata;Sosta;;;;;;;
4521927;20;23/08/2019 19:15:00;Strada Urbana;VIA FLAMINIA;in corrispondenza;;del civico n.;867;;Infortunio per caduta del veicolo;Curva a visuale libera;Due carreggiate;Bagnato (pioggia);Asfaltata;Verticale ed orizzontale;Pioggia in atto;Normale;Buona;Ore Diurne;1;0;0;0;12.4814;41.9524;-1;1;Motociclo a solo;In marcia / fermata / arresto;Conducente;M;Rimandato;0;NON DECEDUTO;;
4521931;3;24/08/2019 17:05:00;Strada Urbana;VIA BARI;in prossimit�;;del civico n.;11A;;Veicolo in marcia contro ostacolo accidentale;Rettilineo;Una carreggiata a doppio senso;Asciutto;Asfaltata;Verticale ed orizzontale;Sereno;Scarso;Buona;Ore Diurne;0;0;0;1;12.515;41.9111;-1;1;Autovettura privata;In marcia / fermata / arresto;Conducente;M;Illeso;0;;Non accertato;Inesploso
4521934;17;25/08/2019 22:50:00;Strada Urbana;VIALE PINTURICCHIO;all'intersezione con;VIA ANTONAZZO ROMANO;VIA ANTONAZZO ROMANO;;;Investimento di pedone;Incrocio;Due carreggiate;Asciutto;Asfaltata;Verticale ed orizzontale;Sereno;Scarso;Sufficiente;Insufficiente;0;0;1;1;12.4646;41.9303;-1;;;;Pedone;M;Ricoverato;0;DECEDUTO ENTRO 2 MESI;;
4521934;17;25/08/2019 22:50:00;Strada Urbana;VIALE PINTURICCHIO;all'intersezione con;VIA ANTONAZZO ROMANO;VIA ANTONAZZO ROMANO;;;Investimento di pedone;Incrocio;Due carreggiate;Asciutto;Asfaltata;Verticale ed orizzontale;Sereno;Scarso;Sufficiente;Insufficiente;0;0;1;1;12.4646;41.9303;-1;1;Autovettura privata;In marcia / fermata / arresto;Conducente;M;Illeso;0;;;
4521937;3;24/08/2019 07:00:00;Strada Urbana;PIAZZA DEI SICULI;in prossimit�;;del civico n.;fr.5;;Veicolo in marcia contro ostacolo fisso;Rettilineo;Una carreggiata a senso unico di marcia;Asciutto;Asfaltata;Verticale ed orizzontale;Sereno;Scarso;Buona;Ore Diurne;0;0;0;1;12.5111;41.8993;-1;1;Macchina operatrice;In marcia / fermata / arresto;Conducente;M;Illeso;0;;Non accertato;Inesploso
4521943;3;24/08/2019 17:00:00;Strada Urbana;VIA BARI;in prossimit�;;del civico n.;11A;;Veicolo in marcia contro ostacolo accidentale;Rettilineo;Una carreggiata a doppio senso;Asciutto;Asfaltata;Verticale ed orizzontale;Sereno;Normale;Buona;Ore Diurne;0;0;0;2;12.515;41.9111;-1;1;Autovettura privata;In marcia / fermata / arresto;Passeggero;M;Illeso;0;;Non accertato;Inesploso
4521943;3;24/08/2019 17:00:00;Strada Urbana;VIA BARI;in prossimit�;;del civico n.;11A;;Veicolo in marcia contro ostacolo accidentale;Rettilineo;Una carreggiata a doppio senso;Asciutto;Asfaltata;Verticale ed orizzontale;Sereno;Normale;Buona;Ore Diurne;0;0;0;2;12.515;41.9111;-1;1;Autovettura privata;In marcia / fermata / arresto;Conducente;M;Illeso;0;;Non accertato;Inesploso
4522032;2;26/08/2019 02:00:00;Strada Urbana;SOTTOVIA IGNAZIO GUIDI;da specificare;;;;alt. svincolo CASTRO PRETORIO;Veicolo in marcia contro ostacolo fisso;Rettilineo;Una carreggiata a senso unico di marcia;Asciutto;Asfaltata;Verticale ed orizzontale;Sereno;Normale;Buona;Sufficiente;0;0;0;2;12.5014;41.9096;-1;1;Autovettura privata;In marcia / fermata / arresto;Passeggero;F;Illeso;0;;Non accertato;Inesploso
4522032;2;26/08/2019 02:00:00;Strada Urbana;SOTTOVIA IGNAZIO GUIDI;da specificare;;;;alt. svincolo CASTRO PRETORIO;Veicolo in marcia contro ostacolo fisso;Rettilineo;Una carreggiata a senso unico di marcia;Asciutto;Asfaltata;Verticale ed orizzontale;Sereno;Normale;Buona;Sufficiente;0;0;0;2;12.5014;41.9096;-1;1;Autovettura privata;In marcia / fermata / arresto;Conducente;M;Illeso;0;;Non accertato;Inesploso
4522035;23;23/08/2019 17:25:00;Strada Urbana;VIA MERULANA;all'intersezione semaforizzata con;VIALE MANZONI;VIALE MANZONI;;;Scontro laterale fra veicoli in marcia;Intersezione semaforizzata;Una carreggiata a doppio senso;Asciutto;Asfaltata;Verticale ed orizzontale;Sereno;Scarso;Buona;Ore Diurne;1;0;0;1;12.5034;41.8895;-1;1;Autovettura privata;In marcia / fermata / arresto;Conducente;M;Illeso;0;;Utilizzato;Inesistente
4522035;23;23/08/2019 17:25:00;Strada Urbana;VIA MERULANA;all'intersezione semaforizzata con;VIALE MANZONI;VIALE MANZONI;;;Scontro laterale fra veicoli in marcia;Intersezione semaforizzata;Una carreggiata a doppio senso;Asciutto;Asfaltata;Verticale ed orizzontale;Sereno;Scarso;Buona;Ore Diurne;1;0;0;1;12.5034;41.8895;-1;2;Motociclo a solo;In marcia / fermata / arresto;Conducente;M;Ricoverato;0;NON DECEDUTO;Utilizzato;
4522047;17;25/08/2019 04:15:00;Strada Urbana;VIA ROBERTO MORRA DI LAVRIANO;all'intersezione con;LUNGOTEVERE MARESCIALLO CADORNA;LUNGOTEVERE MARESCIALLO CADORNA;;;Veicolo in marcia contro ostacolo fisso;Incrocio;Una carreggiata a senso unico di marcia;Asciutto;Asfaltata;Verticale ed orizzontale;Sereno;Scarso;Buona;Sufficiente;0;0;0;1;12.4583;41.9262;-1;1;Autovettura privata;In marcia / fermata / arresto;Conducente;M;Illeso;0;;;
4522086;1;24/08/2019 19:45:00;Strada Urbana;PIAZZA D'ARACOELI;in corrispondenza;;del civico n.;2;;Scontro frontale/laterale SX fra veicoli in marcia;Pendenza;Una carreggiata a senso unico di marcia;Asciutto;In cubetti di porfido;Verticale ed orizzontale;Nuvoloso;Normale;Buona;Ore Diurne;4;0;0;0;12.4815;41.894;-1;1;Ciclomotore con passeggero;In marcia / fermata / arresto;Passeggero;M;Rifiuta cure immediate;0;NON DECEDUTO;Non accertato;
4522086;1;24/08/2019 19:45:00;Strada Urbana;PIAZZA D'ARACOELI;in corrispondenza;;del civico n.;2;;Scontro frontale/laterale SX fra veicoli in marcia;Pendenza;Una carreggiata a senso unico di marcia;Asciutto;In cubetti di porfido;Verticale ed orizzontale;Nuvoloso;Normale;Buona;Ore Diurne;4;0;0;0;12.4815;41.894;-1;1;Ciclomotore con passeggero;In marcia / fermata / arresto;Conducente;M;Rifiuta cure immediate;0;NON DECEDUTO;Non accertato;
4522086;1;24/08/2019 19:45:00;Strada Urbana;PIAZZA D'ARACOELI;in corrispondenza;;del civico n.;2;;Scontro frontale/laterale SX fra veicoli in marcia;Pendenza;Una carreggiata a senso unico di marcia;Asciutto;In cubetti di porfido;Verticale ed orizzontale;Nuvoloso;Normale;Buona;Ore Diurne;4;0;0;0;12.4815;41.894;-1;2;Motociclo con passeggero;In marcia / fermata / arresto;Passeggero;M;Rimandato;0;NON DECEDUTO;Non accertato;
4522086;1;24/08/2019 19:45:00;Strada Urbana;PIAZZA D'ARACOELI;in corrispondenza;;del civico n.;2;;Scontro frontale/laterale SX fra veicoli in marcia;Pendenza;Una carreggiata a senso unico di marcia;Asciutto;In cubetti di porfido;Verticale ed orizzontale;Nuvoloso;Normale;Buona;Ore Diurne;4;0;0;0;12.4815;41.894;-1;2;Motociclo con passeggero;In marcia / fermata / arresto;Conducente;M;Rifiuta cure immediate;0;NON DECEDUTO;Non accertato;
4522090;20;26/08/2019 10:40:00;Strada Urbana;CORSO DI FRANCIA;in prossimit�;;del civico n.;221;;Tamponamento;Curva a visuale libera;Due carreggiate;Asciutto;Asfaltata;Orizzontale;Sereno;Normale;Buona;Ore Diurne;0;0;0;2;12.4687;41.9452;-1;1;Motociclo a solo;In marcia / fermata / arresto;Conducente;M;Illeso;0;;Non accertato;
4522090;20;26/08/2019 10:40:00;Strada Urbana;CORSO DI FRANCIA;in prossimit�;;del civico n.;221;;Tamponamento;Curva a visuale libera;Due carreggiate;Asciutto;Asfaltata;Orizzontale;Sereno;Normale;Buona;Ore Diurne;0;0;0;2;12.4687;41.9452;-1;2;Autovettura privata;In marcia / fermata / arresto;Conducente;M;Illeso;0;;Non accertato;Inesploso
4522127;1;24/08/2019 14:35:00;Strada Urbana;VIA QUATTRO NOVEMBRE;in corrispondenza;;del civico n.;97;;Scontro frontale/laterale SX fra veicoli in marcia;Curva a visuale libera;Una carreggiata a doppio senso;Bagnato (umidit� in atto);In cubetti di porfido;Verticale ed orizzontale;Nuvoloso;Normale;Buona;Ore Diurne;0;0;0;3;12.4855;41.8963;-1;1;Autocarro inferiore 35 q.;In marcia / fermata / arresto;Conducente;M;Illeso;0;;Non accertato;Inesploso
4522127;1;24/08/2019 14:35:00;Strada Urbana;VIA QUATTRO NOVEMBRE;in corrispondenza;;del civico n.;97;;Scontro frontale/laterale SX fra veicoli in marcia;Curva a visuale libera;Una carreggiata a doppio senso;Bagnato (umidit� in atto);In cubetti di porfido;Verticale ed orizzontale;Nuvoloso;Normale;Buona;Ore Diurne;0;0;0;3;12.4855;41.8963;-1;2;Autovettura di polizia;In marcia / fermata / arresto;Conducente;M;Illeso;0;;Non accertato;Inesploso
4522127;1;24/08/2019 14:35:00;Strada Urbana;VIA QUATTRO NOVEMBRE;in corrispondenza;;del civico n.;97;;Scontro frontale/laterale SX fra veicoli in marcia;Curva a visuale libera;Una carreggiata a doppio senso;Bagnato (umidit� in atto);In cubetti di porfido;Verticale ed orizzontale;Nuvoloso;Normale;Buona;Ore Diurne;0;0;0;3;12.4855;41.8963;-1;2;Autovettura di polizia;In marcia / fermata / arresto;Passeggero;M;Illeso;0;;Non accertato;Inesploso
4522137;16;23/08/2019 11:10:00;;VIA PORTUENSE;in prossimit�;;del civico n.;167/A;;Veicolo in marcia contro veicolo fermo;;;;;;;;;;0;0;0;2;;;0;1;Autovettura privata;In marcia / fermata / arresto;Conducente;M;Illeso;0;;;
4522137;16;23/08/2019 11:10:00;;VIA PORTUENSE;in prossimit�;;del civico n.;167/A;;Veicolo in marcia contro veicolo fermo;;;;;;;;;;0;0;0;2;;;0;2;Autocarro inferiore 35 q.;In marcia / fermata / arresto;Conducente;M;Illeso;0;;;
4522140;9;25/08/2019 11:20:00;Strada Urbana;PIAZZA DEI RE DI ROMA;all'intersezione con;VIA ALBALONGA;VIA ALBALONGA;;;Scontro laterale fra veicoli in marcia;Intersezione stradale segnalata;Una carreggiata a senso unico di marcia;Asciutto;Asfaltata;Verticale ed orizzontale;Sereno;Normale;Buona;Ore Diurne;0;0;0;2;12.5138;41.8812;-1;1;Autovettura privata;In marcia / fermata / arresto;Passeggero;F;Illeso;0;;Non accertato;Inesploso
4522140;9;25/08/2019 11:20:00;Strada Urbana;PIAZZA DEI RE DI ROMA;all'intersezione con;VIA ALBALONGA;VIA ALBALONGA;;;Scontro laterale fra veicoli in marcia;Intersezione stradale segnalata;Una carreggiata a senso unico di marcia;Asciutto;Asfaltata;Verticale ed orizzontale;Sereno;Normale;Buona;Ore Diurne;0;0;0;2;12.5138;41.8812;-1;1;Autovettura privata;In marcia / fermata / arresto;Conducente;M;Illeso;0;;Non accertato;Inesploso
4522140;9;25/08/2019 11:20:00;Strada Urbana;PIAZZA DEI RE DI ROMA;all'intersezione con;VIA ALBALONGA;VIA ALBALONGA;;;Scontro laterale fra veicoli in marcia;Intersezione stradale segnalata;Una carreggiata a senso unico di marcia;Asciutto;Asfaltata;Verticale ed orizzontale;Sereno;Normale;Buona;Ore Diurne;0;0;0;2;12.5138;41.8812;-1;2;Autovettura privata;In marcia / fermata / arresto;;;;;;;
4522147;1;25/08/2019 21:45:00;Strada Urbana;VIA FARINI;all'intersezione semaforizzata con;VIA GIOBERTI;VIA GIOBERTI;;;Scontro frontale/laterale SX fra veicoli in marcia;Intersezione semaforizzata;Una carreggiata a doppio senso;Asciutto;Asfaltata;Verticale ed orizzontale;Sereno;Normale;Sufficiente;Sufficiente;4;0;0;0;12.4999;41.8982;-1;;;;Pedone;F;Rimandato;0;NON DECEDUTO;;
4522147;1;25/08/2019 21:45:00;Strada Urbana;VIA FARINI;all'intersezione semaforizzata con;VIA GIOBERTI;VIA GIOBERTI;;;Scontro frontale/laterale SX fra veicoli in marcia;Intersezione semaforizzata;Una carreggiata a doppio senso;Asciutto;Asfaltata;Verticale ed orizzontale;Sereno;Normale;Sufficiente;Sufficiente;4;0;0;0;12.4999;41.8982;-1;;;;Pedone;M;Ricoverato;0;NON DECEDUTO;;
4522147;1;25/08/2019 21:45:00;Strada Urbana;VIA FARINI;all'intersezione semaforizzata con;VIA GIOBERTI;VIA GIOBERTI;;;Scontro frontale/laterale SX fra veicoli in marcia;Intersezione semaforizzata;Una carreggiata a doppio senso;Asciutto;Asfaltata;Verticale ed orizzontale;Sereno;Normale;Sufficiente;Sufficiente;4;0;0;0;12.4999;41.8982;-1;1;Autovettura pubblica;In marcia / fermata / arresto;Conducente;M;Rimandato;0;NON DECEDUTO;Non accertato;Esploso
4522147;1;25/08/2019 21:45:00;Strada Urbana;VIA FARINI;all'intersezione semaforizzata con;VIA GIOBERTI;VIA GIOBERTI;;;Scontro frontale/laterale SX fra veicoli in marcia;Intersezione semaforizzata;Una carreggiata a doppio senso;Asciutto;Asfaltata;Verticale ed orizzontale;Sereno;Normale;Sufficiente;Sufficiente;4;0;0;0;12.4999;41.8982;-1;2;Autovettura privata;In marcia / fermata / arresto;Conducente;M;Rimandato;0;NON DECEDUTO;Non accertato;Esploso
4522155;16;23/08/2019 11:20:00;Strada Urbana;VIA DELLA PISANA;in corrispondenza;;del civico n.;145/F;;Scontro frontale/laterale DX fra veicoli in marcia;Rettilineo;Una carreggiata a doppio senso;Asciutto;Asfaltata;Verticale;Nuvoloso;Scarso;Buona;Ore Diurne;1;0;0;4;12.4182;41.8818;-1;1;Motociclo a solo;In marcia / fermata / arresto;Conducente;M;Ricoverato;0;NON DECEDUTO;Non accertato;
4522155;16;23/08/2019 11:20:00;Strada Urbana;VIA DELLA PISANA;in corrispondenza;;del civico n.;145/F;;Scontro frontale/laterale DX fra veicoli in marcia;Rettilineo;Una carreggiata a doppio senso;Asciutto;Asfaltata;Verticale;Nuvoloso;Scarso;Buona;Ore Diurne;1;0;0;4;12.4182;41.8818;-1;2;Autovettura privata;In marcia / fermata / arresto;Conducente;M;Illeso;0;;Non accertato;Inesploso
4522155;16;23/08/2019 11:20:00;Strada Urbana;VIA DELLA PISANA;in corrispondenza;;del civico n.;145/F;;Scontro frontale/laterale DX fra veicoli in marcia;Rettilineo;Una carreggiata a doppio senso;Asciutto;Asfaltata;Verticale;Nuvoloso;Scarso;Buona;Ore Diurne;1;0;0;4;12.4182;41.8818;-1;2;Autovettura privata;In marcia / fermata / arresto;Passeggero;F;Illeso;0;;Non accertato;Inesploso
4522155;16;23/08/2019 11:20:00;Strada Urbana;VIA DELLA PISANA;in corrispondenza;;del civico n.;145/F;;Scontro frontale/laterale DX fra veicoli in marcia;Rettilineo;Una carreggiata a doppio senso;Asciutto;Asfaltata;Verticale;Nuvoloso;Scarso;Buona;Ore Diurne;1;0;0;4;12.4182;41.8818;-1;2;Autovettura privata;In marcia / fermata / arresto;Passeggero;M;Illeso;0;;Non accertato;Inesploso
4522155;16;23/08/2019 11:20:00;Strada Urbana;VIA DELLA PISANA;in corrispondenza;;del civico n.;145/F;;Scontro frontale/laterale DX fra veicoli in marcia;Rettilineo;Una carreggiata a doppio senso;Asciutto;Asfaltata;Verticale;Nuvoloso;Scarso;Buona;Ore Diurne;1;0;0;4;12.4182;41.8818;-1;2;Autovettura privata;In marcia / fermata / arresto;Passeggero;F;Illeso;0;;Non accertato;Inesploso
4522157;1;25/08/2019 21:00:00;Strada Urbana;VIA FOSCOLO;in corrispondenza;;del civico n.;9;;Veicolo in marcia contro veicolo in sosta;Rettilineo;Una carreggiata a senso unico di marcia;Asciutto;Asfaltata;Verticale ed orizzontale;Sereno;Scarso;Buona;Sufficiente;0;0;0;1;12.5047;41.8927;-1;1;Autovettura privata;In marcia / fermata / arresto;Conducente;M;Illeso;0;;Non accertato;Inesploso
4522157;1;25/08/2019 21:00:00;Strada Urbana;VIA FOSCOLO;in corrispondenza;;del civico n.;9;;Veicolo in marcia contro veicolo in sosta;Rettilineo;Una carreggiata a senso unico di marcia;Asciutto;Asfaltata;Verticale ed orizzontale;Sereno;Scarso;Buona;Sufficiente;0;0;0;1;12.5047;41.8927;-1;2;Autovettura privata;Sosta;;;;;;;
4522161;1;25/08/2019 21:45:00;Strada Urbana;VIA FARINI;all'intersezione con;VIA DANIELE MANIN;VIA DANIELE MANIN;;;Scontro frontale fra veicoli in marcia;Incrocio;Una carreggiata a doppio senso;Asciutto;Asfaltata;Verticale ed orizzontale;Sereno;Normale;Sufficiente;Sufficiente;1;0;0;0;12.4988;41.8987;-1;1;Autovettura privata;In marcia / fermata / arresto;Conducente;F;Rifiuta cure immediate;0;NON DECEDUTO;Non accertato;Inesploso
4522161;1;25/08/2019 21:45:00;Strada Urbana;VIA FARINI;all'intersezione con;VIA DANIELE MANIN;VIA DANIELE MANIN;;;Scontro frontale fra veicoli in marcia;Incrocio;Una carreggiata a doppio senso;Asciutto;Asfaltata;Verticale ed orizzontale;Sereno;Normale;Sufficiente;Sufficiente;1;0;0;0;12.4988;41.8987;-1;2;Autovettura privata;Allontanatosi;;;;;;;
4522177;1;24/08/2019 11:00:00;Strada Urbana;VIA URBANA;all'intersezione semaforizzata con;PIAZZA DELL'ESQUILINO;PIAZZA DELL'ESQUILINO;;;Investimento di pedone;Incrocio;Una carreggiata a senso unico di marcia;Asciutto;Lastricata;Verticale ed orizzontale;Sereno;Scarso;Buona;Ore Diurne;1;0;0;0;12.4963;41.8988;-1;;;;Pedone;M;Rimandato;0;NON DECEDUTO;;
4522177;1;24/08/2019 11:00:00;Strada Urbana;VIA URBANA;all'intersezione semaforizzata con;PIAZZA DELL'ESQUILINO;PIAZZA DELL'ESQUILINO;;;Investimento di pedone;Incrocio;Una carreggiata a senso unico di marcia;Asciutto;Lastricata;Verticale ed orizzontale;Sereno;Scarso;Buona;Ore Diurne;1;0;0;0;12.4963;41.8988;-1;1;Autovettura privata;Allontanatosi;;;;;;;
4522181;2;26/08/2019 06:00:00;Strada Urbana;VIALE SOMALIA;in corrispondenza;;del civico n.;244;;Veicolo in marcia contro veicolo in sosta;Rettilineo;Due carreggiate;Asciutto;Asfaltata;Orizzontale;Sereno;Normale;Buona;Ore Diurne;0;0;0;1;12.5208;41.9334;-1;1;Autovettura privata;In marcia / fermata / arresto;Conducente;F;Illeso;0;;Non accertato;Inesploso
4522181;2;26/08/2019 06:00:00;Strada Urbana;VIALE SOMALIA;in corrispondenza;;del civico n.;244;;Veicolo in marcia contro veicolo in sosta;Rettilineo;Due carreggiate;Asciutto;Asfaltata;Orizzontale;Sereno;Normale;Buona;Ore Diurne;0;0;0;1;12.5208;41.9334;-1;2;Autovettura privata;Sosta;;;;;;;
4522212;16;24/08/2019 17:05:00;Strada Urbana;VIA ROMANO GUERRA;all'intersezione con;VIA DELLA MASSIMILLA;VIA DELLA MASSIMILLA;;;Scontro frontale fra veicoli in marcia;Intersezione semaforizzata;Una carreggiata a doppio senso;Asciutto;Asfaltata;Verticale ed orizzontale;Sereno;Normale;Buona;Ore Diurne;0;0;0;2;12.3497;41.8813;-1;1;Autobus di linea;In marcia / fermata / arresto;Conducente;M;Illeso;0;;Non accertato;Inesploso
4522212;16;24/08/2019 17:05:00;Strada Urbana;VIA ROMANO GUERRA;all'intersezione con;VIA DELLA MASSIMILLA;VIA DELLA MASSIMILLA;;;Scontro frontale fra veicoli in marcia;Intersezione semaforizzata;Una carreggiata a doppio senso;Asciutto;Asfaltata;Verticale ed orizzontale;Sereno;Normale;Buona;Ore Diurne;0;0;0;2;12.3497;41.8813;-1;2;Autovettura privata;In marcia / fermata / arresto;Conducente;F;Illeso;0;;Non accertato;Inesploso
4522224;16;25/08/2019 20:20:00;Statale entro l'abitato;VIA AURELIA;in prossimit�;;del palo luce n.;352;;Veicolo in marcia contro veicolo arresto;Rettilineo;Due carreggiate;Asciutto;Asfaltata;Verticale ed orizzontale;Sereno;Normale;Sufficiente;Sufficiente;0;0;0;3;12.3618;41.8851;-1;1;Autovettura privata;In marcia / fermata / arresto;Conducente;M;Illeso;0;;Non accertato;Inesploso
4522224;16;25/08/2019 20:20:00;Statale entro l'abitato;VIA AURELIA;in prossimit�;;del palo luce n.;352;;Veicolo in marcia contro veicolo arresto;Rettilineo;Due carreggiate;Asciutto;Asfaltata;Verticale ed orizzontale;Sereno;Normale;Sufficiente;Sufficiente;0;0;0;3;12.3618;41.8851;-1;2;Autovettura privata;In marcia / fermata / arresto;Passeggero;M;Illeso;0;;Non accertato;Inesploso
4522224;16;25/08/2019 20:20:00;Statale entro l'abitato;VIA AURELIA;in prossimit�;;del palo luce n.;352;;Veicolo in marcia contro veicolo arresto;Rettilineo;Due carreggiate;Asciutto;Asfaltata;Verticale ed orizzontale;Sereno;Normale;Sufficiente;Sufficiente;0;0;0;3;12.3618;41.8851;-1;2;Autovettura privata;In marcia / fermata / arresto;Conducente;F;Illeso;0;;Non accertato;Inesploso
4522226;1;25/08/2019 14:50:00;Strada Urbana;PIAZZA VENEZIA;da specificare;;;;altezza FONTANA DEL TIRRENO;Scontro frontale fra veicoli in marcia;Curva a visuale libera;Una carreggiata a doppio senso;Bagnato (pioggia);In cubetti di porfido;Verticale ed orizzontale;Pioggia in atto;Normale;Buona;Ore Diurne;0;0;0;3;12.4826;41.8958;-1;1;Autovettura pubblica;In marcia / fermata / arresto;Conducente;M;Illeso;0;;Non accertato;
4522226;1;25/08/2019 14:50:00;Strada Urbana;PIAZZA VENEZIA;da specificare;;;;altezza FONTANA DEL TIRRENO;Scontro frontale fra veicoli in marcia;Curva a visuale libera;Una carreggiata a doppio senso;Bagnato (pioggia);In cubetti di porfido;Verticale ed orizzontale;Pioggia in atto;Normale;Buona;Ore Diurne;0;0;0;3;12.4826;41.8958;-1;2;Autovettura privata;In marcia / fermata / arresto;Conducente;F;Illeso;0;;Non accertato;
4522226;1;25/08/2019 14:50:00;Strada Urbana;PIAZZA VENEZIA;da specificare;;;;altezza FONTANA DEL TIRRENO;Scontro frontale fra veicoli in marcia;Curva a visuale libera;Una carreggiata a doppio senso;Bagnato (pioggia);In cubetti di porfido;Verticale ed orizzontale;Pioggia in atto;Normale;Buona;Ore Diurne;0;0;0;3;12.4826;41.8958;-1;2;Autovettura privata;In marcia / fermata / arresto;Passeggero;M;Illeso;0;;Non accertato;
4522247;20;26/08/2019 12:05:00;Strada Urbana;VIA CASSIA;all'intersezione con;VIA DELLA TORRE DELLE CORNACCHIE;VIA DELLA TORRE DELLE CORNACCHIE;;;Scontro frontale/laterale DX fra veicoli in marcia;Intersezione stradale segnalata;Una carreggiata a doppio senso;Asciutto;Asfaltata;Verticale ed orizzontale;Sereno;Normale;Buona;Ore Diurne;1;0;0;1;12.394;41.9931;-1;1;Autovettura privata;In marcia / fermata / arresto;Conducente;M;Illeso;0;;Non accertato;Esploso
4522247;20;26/08/2019 12:05:00;Strada Urbana;VIA CASSIA;all'intersezione con;VIA DELLA TORRE DELLE CORNACCHIE;VIA DELLA TORRE DELLE CORNACCHIE;;;Scontro frontale/laterale DX fra veicoli in marcia;Intersezione stradale segnalata;Una carreggiata a doppio senso;Asciutto;Asfaltata;Verticale ed orizzontale;Sereno;Normale;Buona;Ore Diurne;1;0;0;1;12.394;41.9931;-1;2;Motociclo a solo;In marcia / fermata / arresto;Conducente;M;Rimandato;0;NON DECEDUTO;Non accertato;
4522261;1;25/08/2019 09:20:00;Strada Urbana;PIAZZA DI PORTA PORTESE;da specificare;;;;PROSSIMITA' PALO LUCE ;Veicolo in marcia contro ostacolo accidentale;Curva a visuale libera;Due carreggiate;Asciutto;Acciotolata;Verticale ed orizzontale;Sereno;Scarso;Buona;Ore Diurne;1;0;0;0;12.4742;41.884;-1;1;Motociclo a solo;In marcia / fermata / arresto;Conducente;M;Rimandato;0;NON DECEDUTO;Non accertato;
4522314;6;26/08/2019 10:30:00;Strada Urbana;VIA DI TOR PIGNATTARA;in corrispondenza;;del civico n.;40;;Investimento di pedone;Rettilineo;Una carreggiata a doppio senso;Asciutto;Asfaltata;Verticale ed orizzontale;Sereno;Normale;Buona;Ore Diurne;1;0;0;1;12.542;41.8792;-1;;;;Pedone;F;Ricoverato;0;NON DECEDUTO;;
4522314;6;26/08/2019 10:30:00;Strada Urbana;VIA DI TOR PIGNATTARA;in corrispondenza;;del civico n.;40;;Investimento di pedone;Rettilineo;Una carreggiata a doppio senso;Asciutto;Asfaltata;Verticale ed orizzontale;Sereno;Normale;Buona;Ore Diurne;1;0;0;1;12.542;41.8792;-1;1;Autovettura privata;In marcia / fermata / arresto;Conducente;M;Illeso;0;;;Inesploso
4522324;1;23/08/2019 13:40:00;Strada Urbana;VIA DI S. VINCENZO;in corrispondenza;;del civico n.;22;;Veicolo in marcia contro veicolo in sosta;Rettilineo;Una carreggiata a senso unico di marcia;Asciutto;In cubetti di porfido;Verticale;Sereno;Scarso;Buona;Ore Diurne;1;0;0;1;12.4837;41.9003;-1;;;;Pedone;F;Rimandato;0;NON DECEDUTO;;
4522324;1;23/08/2019 13:40:00;Strada Urbana;VIA DI S. VINCENZO;in corrispondenza;;del civico n.;22;;Veicolo in marcia contro veicolo in sosta;Rettilineo;Una carreggiata a senso unico di marcia;Asciutto;In cubetti di porfido;Verticale;Sereno;Scarso;Buona;Ore Diurne;1;0;0;1;12.4837;41.9003;-1;1;Macchina operatrice;In marcia / fermata / arresto;Conducente;M;Illeso;0;;Non accertato;Inesploso