Protocollo;Gruppo;DataOraIncidente;Localizzazione1;STRADA1;Localizzazione2;STRADA2;Strada02;Chilometrica;DaSpecificare;NaturaIncidente;particolaritastrade;TipoStrada;FondoStradale;Pavimentazione;Segnaletica;CondizioneAtmosferica;Traffico;Visibilita;Illuminazione;NUM_FERITI;NUM_RISERVATA;NUM_MORTI;NUM_ILLESI;Longitudine;Latitudine;Confermato;Progressivo;TipoVeicolo;StatoVeicolo;TipoPersona;Sesso;Tipolesione;Deceduto;DecedutoDopo;CinturaCascoUtilizzato;Airbag;
4527608;10;31/08/2019 00:20:00;Strada Urbana;VIALE APPIO CLAUDIO;all'intersezione con;VIA LUNGRO;VIA LUNGRO;;;Scontro frontale/laterale SX fra veicoli in marcia;Intersezione stradale segnalata;Una carreggiata a doppio senso;Asciutto;Asfaltata;Verticale ed orizzontale;Sereno;Scarso;Sufficiente;Sufficiente;3;0;0;1;12.5531;41.8373;-1;2;Autovettura privata;In marcia / fermata / arresto;Passeggero;F;Rimandato;0;NON DECEDUTO;Non accertato;Inesploso
4527649;10;31/08/2019 03:35:00;Strada Urbana;VIA TUSCOLANA;in prossimit�;;del civico n.;792;;Tamponamento;Rettilineo;Due carreggiate;Asciutto;Asfaltata;Verticale ed orizzontale;Sereno;Normale;Sufficiente;Sufficiente;0;0;0;6;12.5477;41.8637;-1;1;Autovettura privata;In marcia / fermata / arresto;Passeggero;M;Illeso;0;;Non accertato;Inesploso
4527649;10;31/08/2019 03:35:00;Strada Urbana;VIA TUSCOLANA;in prossimit�;;del civico n.;792;;Tamponamento;Rettilineo;Due carreggiate;Asciutto;Asfaltata;Verticale ed orizzontale;Sereno;Normale;Sufficiente;Sufficiente;0;0;0;6;12.5477;41.8637;-1;1;Autovettura privata;In marcia / fermata / arresto;Conducente;M;Illeso;0;;Non accertato;Inesploso
4527649;10;31/08/2019 03:35:00;Strada Urbana;VIA TUSCOLANA;in prossimit�;;del civico n.;792;;Tamponamento;Rettilineo;Due carreggiate;Asciutto;Asfaltata;Verticale ed orizzontale;Sereno;Normale;Sufficiente;Sufficiente;0;0;0;6;12.5477;41.8637;-1;2;Autovettura privata;In marcia / fermata / arresto;Passeggero;F;Illeso;0;;Non accertato;Inesploso
4527649;10;31/08/2019 03:35:00;Strada Urbana;VIA TUSCOLANA;in prossimit�;;del civico n.;792;;Tamponamento;Rettilineo;Due carreggiate;Asciutto;Asfaltata;Verticale ed orizzontale;Sereno;Normale;Sufficiente;Sufficiente;0;0;0;6;12.5477;41.8637;-1;2;Autovettura privata;In marcia / fermata / arresto;Passeggero;F;Illeso;0;;Non accertato;Inesploso
4527649;10;31/08/2019 03:35:00;Strada Urbana;VIA TUSCOLANA;in prossimit�;;del civico n.;792;;Tamponamento;Rettilineo;Due carreggiate;Asciutto;Asfaltata;Verticale ed orizzontale;Sereno;Normale;Sufficiente;Sufficiente;0;0;0;6;12.5477;41.8637;-1;2;Autovettura privata;In marcia / fermata / arresto;Conducente;M;Illeso;0;;Non accertato;Inesploso
4527682;15;31/08/2019 00:15:00;Strada Urbana;VIA PORTUENSE;all'intersezione con;VIA PIETRO VENTURI;VIA PIETRO VENTURI;;;Investimento di pedone;Incrocio;Una carreggiata a doppio senso;Asciutto;Asfaltata;Verticale ed orizzontale;Sereno;Normale;Buona;Sufficiente;1;0;0;2;12.414;41.8469;-1;;;;Pedone;M;Rimandato;0;NON DECEDUTO;;
4527682;15;31/08/2019 00:15:00;Strada Urbana;VIA PORTUENSE;all'intersezione con;VIA PIETRO VENTURI;VIA PIETRO VENTURI;;;Investimento di pedone;Incrocio;Una carreggiata a doppio senso;Asciutto;Asfaltata;Verticale ed orizzontale;Sereno;Normale;Buona;Sufficiente;1;0;0;2;12.414;41.8469;-1;1;Motociclo con passeggero;In marcia / fermata / arresto;Passeggero;M;Illeso;0;;Non accertato;
4527682;15;31/08/2019 00:15:00;Strada Urbana;VIA PORTUENSE;all'intersezione con;VIA PIETRO VENTURI;VIA PIETRO VENTURI;;;Investimento di pedone;Incrocio;Una carreggiata a doppio senso;Asciutto;Asfaltata;Verticale ed orizzontale;Sereno;Normale;Buona;Sufficiente;1;0;0;2;12.414;41.8469;-1;1;Motociclo con passeggero;In marcia / fermata / arresto;Conducente;M;Illeso;0;;Non accertato;
4527737;11;30/08/2019 06:55:00;Strada Urbana;VIA ROSA GUARNIERI CARDUCCI;da specificare;;;;fronte civico 1;Veicolo in marcia contro veicoli in sosta;Rettilineo;Pi� di due carreggiate;Asciutto;Asfaltata;Verticale ed orizzontale;Sereno;Normale;Buona;Ore Diurne;0;0;0;1;12.4924;41.8562;-1;1;Autovettura privata;In marcia / fermata / arresto;Conducente;F;Illeso;0;;;
4527737;11;30/08/2019 06:55:00;Strada Urbana;VIA ROSA GUARNIERI CARDUCCI;da specificare;;;;fronte civico 1;Veicolo in marcia contro veicoli in sosta;Rettilineo;Pi� di due carreggiate;Asciutto;Asfaltata;Verticale ed orizzontale;Sereno;Normale;Buona;Ore Diurne;0;0;0;1;12.4924;41.8562;-1;2;Autovettura privata;Sosta;;;;;;;
4527737;11;30/08/2019 06:55:00;Strada Urbana;VIA ROSA GUARNIERI CARDUCCI;da specificare;;;;fronte civico 1;Veicolo in marcia contro veicoli in sosta;Rettilineo;Pi� di due carreggiate;Asciutto;Asfaltata;Verticale ed orizzontale;Sereno;Normale;Buona;Ore Diurne;0;0;0;1;12.4924;41.8562;-1;3;Autovettura privata;Sosta;;;;;;;
4527737;11;30/08/2019 06:55:00;Strada Urbana;VIA ROSA GUARNIERI CARDUCCI;da specificare;;;;fronte civico 1;Veicolo in marcia contro veicoli in sosta;Rettilineo;Pi� di due carreggiate;Asciutto;Asfaltata;Verticale ed orizzontale;Sereno;Normale;Buona;Ore Diurne;0;0;0;1;12.4924;41.8562;-1;4;Autovettura privata;Sosta;;;;;;;
4527747;11;30/08/2019 07:25:00;Strada Urbana;VIA ARDEATINA;in prossimit�;;del palo luce n.;434;;Veicolo in marcia contro ostacolo accidentale;Curva a visuale libera;Pi� di due carreggiate;Asciutto;Asfaltata;Verticale ed orizzontale;Sereno;Scarso;Buona;Ore Diurne;0;0;0;2;12.5255;41.8131;-1;1;Motociclo con passeggero;In marcia / fermata / arresto;Passeggero;F;Illeso;0;;Non accertato;
4527747;11;30/08/2019 07:25:00;Strada Urbana;VIA ARDEATINA;in prossimit�;;del palo luce n.;434;;Veicolo in marcia contro ostacolo accidentale;Curva a visuale libera;Pi� di due carreggiate;Asciutto;Asfaltata;Verticale ed orizzontale;Sereno;Scarso;Buona;Ore Diurne;0;0;0;2;12.5255;41.8131;-1;1;Motociclo con passeggero;In marcia / fermata / arresto;Conducente;M;Illeso;0;;Non accertato;
4527749;10;30/08/2019 19:30:00;Strada Urbana;VIA TOMMASO DA CELANO;in corrispondenza;;del civico n.;76;;Investimento di pedone;Rettilineo;Una carreggiata a senso unico di marcia;Asciutto;Asfaltata;Orizzontale;Sereno;Normale;Sufficiente;Ore Diurne;0;0;0;2;12.515;41.8721;-1;;;;Pedone;F;Illeso;0;;;
4527749;10;30/08/2019 19:30:00;Strada Urbana;VIA TOMMASO DA CELANO;in corrispondenza;;del civico n.;76;;Investimento di pedone;Rettilineo;Una carreggiata a senso unico di marcia;Asciutto;Asfaltata;Orizzontale;Sereno;Normale;Sufficiente;Ore Diurne;0;0;0;2;12.515;41.8721;-1;1;Autovettura privata;In marcia / fermata / arresto;Conducente;F;Illeso;0;;Non accertato;Inesploso
4527755;11;30/08/2019 17:30:00;Strada Urbana;VIA ARDEATINA;all'intersezione con;VIA DI FIORANELLO;VIA DI FIORANELLO;;;Scontro laterale fra veicoli in marcia;Intersezione non regolata/non segnalata;Una carreggiata a doppio senso;Asciutto;Asfaltata;Orizzontale;Sereno;Normale;Buona;Ore Diurne;1;0;0;1;12.5349;41.7958;-1;1;Autovettura privata;In marcia / fermata / arresto;Conducente;M;Rifiuta cure immediate;0;NON DECEDUTO;Non accertato;
4527755;11;30/08/2019 17:30:00;Strada Urbana;VIA ARDEATINA;all'intersezione con;VIA DI FIORANELLO;VIA DI FIORANELLO;;;Scontro laterale fra veicoli in marcia;Intersezione non regolata/non segnalata;Una carreggiata a doppio senso;Asciutto;Asfaltata;Orizzontale;Sereno;Normale;Buona;Ore Diurne;1;0;0;1;12.5349;41.7958;-1;1;Autovettura privata;In marcia / fermata / arresto;Passeggero;F;Illeso;0;;Non accertato;
4527755;11;30/08/2019 17:30:00;Strada Urbana;VIA ARDEATINA;all'intersezione con;VIA DI FIORANELLO;VIA DI FIORANELLO;;;Scontro laterale fra veicoli in marcia;Intersezione non regolata/non segnalata;Una carreggiata a doppio senso;Asciutto;Asfaltata;Orizzontale;Sereno;Normale;Buona;Ore Diurne;1;0;0;1;12.5349;41.7958;-1;2;Motociclo a solo;Allontanatosi;;;;;;;
4527770;10;30/08/2019 09:45:00;Strada Urbana;VIA TUSCOLANA;in corrispondenza;;del civico n.;719;;Scontro laterale fra veicoli in marcia;Rettilineo;Due carreggiate;Asciutto;Asfaltata;Verticale ed orizzontale;Sereno;Normale;Buona;Ore Diurne;1;0;0;1;12.5544;41.8613;-1;1;Autovettura privata;In marcia / fermata / arresto;Conducente;M;Illeso;0;;Non accertato;Inesploso
4527770;10;30/08/2019 09:45:00;Strada Urbana;VIA TUSCOLANA;in corrispondenza;;del civico n.;719;;Scontro laterale fra veicoli in marcia;Rettilineo;Due carreggiate;Asciutto;Asfaltata;Verticale ed orizzontale;Sereno;Normale;Buona;Ore Diurne;1;0;0;1;12.5544;41.8613;-1;2;Autovettura privata;In marcia / fermata / arresto;Conducente;M;Rimandato;0;NON DECEDUTO;Non accertato;Inesploso
4527770;10;30/08/2019 09:45:00;Strada Urbana;VIA TUSCOLANA;in corrispondenza;;del civico n.;719;;Scontro laterale fra veicoli in marcia;Rettilineo;Due carreggiate;Asciutto;Asfaltata;Verticale ed orizzontale;Sereno;Normale;Buona;Ore Diurne;1;0;0;1;12.5544;41.8613;-1;3;Autovettura privata;Sosta;;;;;;;
4527771;1;30/08/2019 19:10:00;Strada Urbana;VIA DEI DUE MACELLI;in corrispondenza;;del civico n.;70;;Scontro frontale fra veicoli in marcia;Rettilineo;Una carreggiata a senso unico di marcia;Asciutto;In cubetti di porfido;Verticale ed orizzontale;Sereno;Normale;Buona;Ore Diurne;1;0;0;1;12.4839;41.9044;-1;1;Motociclo a solo;In marcia / fermata / arresto;Conducente;M;Illeso;0;;Non accertato;
4527771;1;30/08/2019 19:10:00;Strada Urbana;VIA DEI DUE MACELLI;in corrispondenza;;del civico n.;70;;Scontro frontale fra veicoli in marcia;Rettilineo;Una carreggiata a senso unico di marcia;Asciutto;In cubetti di porfido;Verticale ed orizzontale;Sereno;Normale;Buona;Ore Diurne;1;0;0;1;12.4839;41.9044;-1;2;Velocipede;In marcia / fermata / arresto;Conducente;M;Rimandato;0;NON DECEDUTO;Esente;
4527784;11;31/08/2019 01:30:00;Strada Urbana;VIA APPIA ANTICA;in corrispondenza;;del civico n.;76;;Veicolo in marcia contro ostacolo fisso;Rettilineo;Una carreggiata a doppio senso;Asciutto;Acciotolata;Orizzontale;Sereno;Scarso;Buona;Sufficiente;1;0;0;0;12.503;41.8666;-1;1;Autovettura privata;In marcia / fermata / arresto;Conducente;F;Rifiuta cure immediate;0;NON DECEDUTO;Non accertato;
4527786;1;31/08/2019 00:15:00;Strada Urbana;VIA LUDOVISI;all'intersezione semaforizzata con;VIA VITTORIO VENETO;VIA VITTORIO VENETO;;;Investimento di pedone;Intersezione semaforizzata;Una carreggiata a doppio senso;Asciutto;Asfaltata;Verticale ed orizzontale;Sereno;Scarso;Sufficiente;Insufficiente;1;0;0;1;12.4879;41.9068;-1;;;;Pedone;F;Rimandato;0;NON DECEDUTO;;
4527786;1;31/08/2019 00:15:00;Strada Urbana;VIA LUDOVISI;all'intersezione semaforizzata con;VIA VITTORIO VENETO;VIA VITTORIO VENETO;;;Investimento di pedone;Intersezione semaforizzata;Una carreggiata a doppio senso;Asciutto;Asfaltata;Verticale ed orizzontale;Sereno;Scarso;Sufficiente;Insufficiente;1;0;0;1;12.4879;41.9068;-1;1;Autovettura privata;In marcia / fermata / arresto;Conducente;F;Illeso;0;;;
4527829;20;30/08/2019 07:45:00;Strada Urbana;VIA DELLA GIUSTINIANA;all'intersezione con;VIA GIUSEPPE PRINOTTI;VIA GIUSEPPE PRINOTTI;;;Scontro laterale fra veicoli in marcia;Intersezione stradale segnalata;Una carreggiata a doppio senso;Asciutto;Asfaltata;Verticale ed orizzontale;Sereno;Normale;Buona;Ore Diurne;0;0;0;2;12.4798;42.0058;-1;1;Autovettura privata;In marcia / fermata / arresto;Conducente;F;Illeso;0;;Non accertato;Inesploso
4527829;20;30/08/2019 07:45:00;Strada Urbana;VIA DELLA GIUSTINIANA;all'intersezione con;VIA GIUSEPPE PRINOTTI;VIA GIUSEPPE PRINOTTI;;;Scontro laterale fra veicoli in marcia;Intersezione stradale segnalata;Una carreggiata a doppio senso;Asciutto;Asfaltata;Verticale ed orizzontale;Sereno;Normale;Buona;Ore Diurne;0;0;0;2;12.4798;42.0058;-1;2;Autovettura privata;In marcia / fermata / arresto;Conducente;F;Illeso;0;;Non accertato;Inesploso
4527832;10;30/08/2019 06:15:00;Strada Urbana;VIA APPIA NUOVA;in corrispondenza;;del civico n.;1259;;Veicolo in marcia contro ostacolo fisso;Curva a visuale libera;Due carreggiate;Asciutto;Asfaltata;Verticale ed orizzontale;Sereno;Normale;Buona;Ore Diurne;1;0;0;0;12.5718;41.8151;-1;1;Autovettura privata;In marcia / fermata / arresto;Conducente;F;Rimandato;0;NON DECEDUTO;Non accertato;Esploso
4527833;13;30/08/2019 07:15:00;Provinciale entro l'abitato;VIA DEL MARE;in corrispondenza;;della chilometrica;24.9;;Scontro frontale fra veicoli in marcia;Rettilineo;Una carreggiata a senso unico di marcia;Asciutto;Asfaltata;Verticale ed orizzontale;Sereno;Normale;Buona;Ore Diurne;2;1;0;0;12.4632;41.8403;-1;1;Motociclo a solo;In marcia / fermata / arresto;Conducente;M;Ricoverato;0;NON DECEDUTO;Utilizzato;
4527833;13;30/08/2019 07:15:00;Provinciale entro l'abitato;VIA DEL MARE;in corrispondenza;;della chilometrica;24.9;;Scontro frontale fra veicoli in marcia;Rettilineo;Una carreggiata a senso unico di marcia;Asciutto;Asfaltata;Verticale ed orizzontale;Sereno;Normale;Buona;Ore Diurne;2;1;0;0;12.4632;41.8403;-1;1;Motociclo a solo;In marcia / fermata / arresto;Passeggero;M;Prognosi riservata;0;NON DECEDUTO;Utilizzato;
4527833;13;30/08/2019 07:15:00;Provinciale entro l'abitato;VIA DEL MARE;in corrispondenza;;della chilometrica;24.9;;Scontro frontale fra veicoli in marcia;Rettilineo;Una carreggiata a senso unico di marcia;Asciutto;Asfaltata;Verticale ed orizzontale;Sereno;Normale;Buona;Ore Diurne;2;1;0;0;12.4632;41.8403;-1;2;Autovettura privata;In marcia / fermata / arresto;Conducente;F;Rimandato;0;NON DECEDUTO;Non accertato;Esploso
4527836;20;31/08/2019 03:45:00;Strada Urbana;VIALE DI TOR DI QUINTO;da specificare;;;;altezza tangenziale est;Scontro laterale fra veicoli in marcia;Rettilineo;Due carreggiate;Asciutto;Asfaltata;Verticale ed orizzontale;Sereno;Scarso;Buona;Insufficiente;2;0;0;1;12.4785;41.9447;-1;1;Autovettura privata;In marcia / fermata / arresto;Conducente;M;Illeso;0;;Non accertato;
4527836;20;31/08/2019 03:45:00;Strada Urbana;VIALE DI TOR DI QUINTO;da specificare;;;;altezza tangenziale est;Scontro laterale fra veicoli in marcia;Rettilineo;Due carreggiate;Asciutto;Asfaltata;Verticale ed orizzontale;Sereno;Scarso;Buona;Insufficiente;2;0;0;1;12.4785;41.9447;-1;1;Autovettura privata;In marcia / fermata / arresto;Passeggero;M;Rimandato;0;NON DECEDUTO;Non accertato;
4527836;20;31/08/2019 03:45:00;Strada Urbana;VIALE DI TOR DI QUINTO;da specificare;;;;altezza tangenziale est;Scontro laterale fra veicoli in marcia;Rettilineo;Due carreggiate;Asciutto;Asfaltata;Verticale ed orizzontale;Sereno;Scarso;Buona;Insufficiente;2;0;0;1;12.4785;41.9447;-1;2;Autovettura privata;In marcia / fermata / arresto;Conducente;F;Rimandato;0;NON DECEDUTO;Non accertato;Esploso
4527858;20;30/08/2019 15:15:00;Strada Urbana;VIA DEGLI ORTI DELLA FARNESINA;in corrispondenza;;del civico n.;16;;Tamponamento;Rettilineo;Una carreggiata a doppio senso;Asciutto;Asfaltata;Verticale ed orizzontale;Sereno;Scarso;Buona;Ore Diurne;0;0;0;2;12.4638;41.9397;-1;1;Autovettura privata;In marcia / fermata / arresto;Conducente;M;Illeso;0;;Non accertato;
4527858;20;30/08/2019 15:15:00;Strada Urbana;VIA DEGLI ORTI DELLA FARNESINA;in corrispondenza;;del civico n.;16;;Tamponamento;Rettilineo;Una carreggiata a doppio senso;Asciutto;Asfaltata;Verticale ed orizzontale;Sereno;Scarso;Buona;Ore Diurne;0;0;0;2;12.4638;41.9397;-1;2;Autovettura privata;In marcia / fermata / arresto;Conducente;M;Illeso;0;;Non accertato;
4527863;13;30/08/2019 19:10:00;Strada Urbana;VIA IPPONATTE;all'intersezione con;VIA ISOCRATE;VIA ISOCRATE;;;Scontro frontale fra veicoli in marcia;Incrocio;Una carreggiata a doppio senso;Asciutto;Asfaltata;Verticale ed orizzontale;Sereno;;Buona;Ore Diurne;0;0;0;5;12.3572;41.7542;-1;1;Autovettura privata;In marcia / fermata / arresto;Conducente;M;Illeso;0;;Non accertato;Inesploso
4527863;13;30/08/2019 19:10:00;Strada Urbana;VIA IPPONATTE;all'intersezione con;VIA ISOCRATE;VIA ISOCRATE;;;Scontro frontale fra veicoli in marcia;Incrocio;Una carreggiata a doppio senso;Asciutto;Asfaltata;Verticale ed orizzontale;Sereno;;Buona;Ore Diurne;0;0;0;5;12.3572;41.7542;-1;1;Autovettura privata;In marcia / fermata / arresto;Passeggero;F;Illeso;0;;Non accertato;Inesploso
4527863;13;30/08/2019 19:10:00;Strada Urbana;VIA IPPONATTE;all'intersezione con;VIA ISOCRATE;VIA ISOCRATE;;;Scontro frontale fra veicoli in marcia;Incrocio;Una carreggiata a doppio senso;Asciutto;Asfaltata;Verticale ed orizzontale;Sereno;;Buona;Ore Diurne;0;0;0;5;12.3572;41.7542;-1;1;Autovettura privata;In marcia / fermata / arresto;Passeggero;F;Illeso;0;;Non accertato;Inesploso
4527863;13;30/08/2019 19:10:00;Strada Urbana;VIA IPPONATTE;all'intersezione con;VIA ISOCRATE;VIA ISOCRATE;;;Scontro frontale fra veicoli in marcia;Incrocio;Una carreggiata a doppio senso;Asciutto;Asfaltata;Verticale ed orizzontale;Sereno;;Buona;Ore Diurne;0;0;0;5;12.3572;41.7542;-1;2;Autovettura privata;In marcia / fermata / arresto;Conducente;M;Illeso;0;;;
4527863;13;30/08/2019 19:10:00;Strada Urbana;VIA IPPONATTE;all'intersezione con;VIA ISOCRATE;VIA ISOCRATE;;;Scontro frontale fra veicoli in marcia;Incrocio;Una carreggiata a doppio senso;Asciutto;Asfaltata;Verticale ed orizzontale;Sereno;;Buona;Ore Diurne;0;0;0;5;12.3572;41.7542;-1;2;Autovettura privata;In marcia / fermata / arresto;Passeggero;M;Illeso;0;;;
4527874;20;30/08/2019 14:10:00;Strada Urbana;VIA ROCCALVECCE;all'intersezione con;VIA FLAMINIA;VIA FLAMINIA;;;Scontro frontale/laterale SX fra veicoli in marcia;Intersezione non regolata/non segnalata;Una carreggiata a doppio senso;Asciutto;Asfaltata;Verticale ed orizzontale;Sereno;Scarso;Buona;Ore Diurne;0;0;0;2;12.4858;41.9607;-1;1;Autovettura privata;In marcia / fermata / arresto;Conducente;M;Illeso;0;;Non accertato;
4527874;20;30/08/2019 14:10:00;Strada Urbana;VIA ROCCALVECCE;all'intersezione con;VIA FLAMINIA;VIA FLAMINIA;;;Scontro frontale/laterale SX fra veicoli in marcia;Intersezione non regolata/non segnalata;Una carreggiata a doppio senso;Asciutto;Asfaltata;Verticale ed orizzontale;Sereno;Scarso;Buona;Ore Diurne;0;0;0;2;12.4858;41.9607;-1;2;Autovettura privata;In marcia / fermata / arresto;Conducente;M;Illeso;0;;Non accertato;Inesploso
4527917;13;30/08/2019 21:00:00;Strada Urbana;VIA DI DRAGONE;all'intersezione con;VIA SALVATORE GASBARRA;VIA SALVATORE GASBARRA;;;Scontro laterale fra veicoli in marcia;Incrocio;Una carreggiata a doppio senso;Asciutto;Asfaltata;Verticale;Sereno;Normale;Buona;Sufficiente;0;0;0;3;12.3326;41.7834;-1;1;Autovettura privata;In marcia / fermata / arresto;Passeggero;M;Illeso;0;;Non accertato;Inesploso
4527917;13;30/08/2019 21:00:00;Strada Urbana;VIA DI DRAGONE;all'intersezione con;VIA SALVATORE GASBARRA;VIA SALVATORE GASBARRA;;;Scontro laterale fra veicoli in marcia;Incrocio;Una carreggiata a doppio senso;Asciutto;Asfaltata;Verticale;Sereno;Normale;Buona;Sufficiente;0;0;0;3;12.3326;41.7834;-1;1;Autovettura privata;In marcia / fermata / arresto;Conducente;M;Illeso;0;;;
4527917;13;30/08/2019 21:00:00;Strada Urbana;VIA DI DRAGONE;all'intersezione con;VIA SALVATORE GASBARRA;VIA SALVATORE GASBARRA;;;Scontro laterale fra veicoli in marcia;Incrocio;Una carreggiata a doppio senso;Asciutto;Asfaltata;Verticale;Sereno;Normale;Buona;Sufficiente;0;0;0;3;12.3326;41.7834;-1;2;Autovettura privata;In marcia / fermata / arresto;Conducente;F;Illeso;0;;;
4527944;13;31/08/2019 01:00:00;Strada Urbana;VIALE CRISTOFORO COLOMBO;in prossimit�;;della chilometrica;19.5;;Veicolo in marcia contro ostacolo fisso;Rettilineo;Pi� di due carreggiate;Asciutto;Asfaltata;Verticale ed orizzontale;Sereno;Normale;Buona;Inesistente;0;0;0;1;12.4536;41.8089;-1;1;Autovettura privata;In marcia / fermata / arresto;Conducente;M;Illeso;0;;;
4527952;13;31/08/2019 03:30:00;Strada Urbana;VIA LEONARDO MELLANO;in prossimit�;;del civico n.;174;;Veicolo in marcia contro ostacolo fisso;Rettilineo;Una carreggiata a doppio senso;Asciutto;Asfaltata;Verticale ed orizzontale;Sereno;Normale;Buona;Sufficiente;1;0;0;0;12.3776;41.7791;0;1;Autovettura privata;In marcia / fermata / arresto;Conducente;F;Rimandato;0;NON DECEDUTO;;
4528001;1;31/08/2019 09:00:00;Strada Urbana;PIAZZA DEI SS. APOSTOLI;in corrispondenza;;del civico n.;62;;Scontro laterale fra veicoli in marcia;Rettilineo;Una carreggiata a senso unico di marcia;Asciutto;Bitumata;Verticale ed orizzontale;Sereno;Scarso;Buona;Ore Diurne;0;0;0;2;12.4834;41.8973;-1;1;Motociclo a solo;In marcia / fermata / arresto;Conducente;M;Illeso;0;;Non accertato;
4528001;1;31/08/2019 09:00:00;Strada Urbana;PIAZZA DEI SS. APOSTOLI;in corrispondenza;;del civico n.;62;;Scontro laterale fra veicoli in marcia;Rettilineo;Una carreggiata a senso unico di marcia;Asciutto;Bitumata;Verticale ed orizzontale;Sereno;Scarso;Buona;Ore Diurne;0;0;0;2;12.4834;41.8973;-1;2;Autovettura privata;In marcia / fermata / arresto;Conducente;M;Illeso;0;;Non accertato;
4528179;4;30/08/2019 15:35:00;Strada Urbana;VIA DI SETTEBAGNI;da specificare;;;;fronte civico 340;Tamponamento Multiplo;Rettilineo;Una carreggiata a doppio senso;Asciutto;Asfaltata;Verticale ed orizzontale;Sereno;Normale;Buona;Ore Diurne;2;0;0;2;12.5402;41.9773;-1;1;Autovettura privata;In marcia / fermata / arresto;Conducente;M;Illeso;0;;;
4528179;4;30/08/2019 15:35:00;Strada Urbana;VIA DI SETTEBAGNI;da specificare;;;;fronte civico 340;Tamponamento Multiplo;Rettilineo;Una carreggiata a doppio senso;Asciutto;Asfaltata;Verticale ed orizzontale;Sereno;Normale;Buona;Ore Diurne;2;0;0;2;12.5402;41.9773;-1;2;Autovettura privata;In marcia / fermata / arresto;Passeggero;F;Rimandato;0;NON DECEDUTO;Non accertato;Inesploso
4528179;4;30/08/2019 15:35:00;Strada Urbana;VIA DI SETTEBAGNI;da specificare;;;;fronte civico 340;Tamponamento Multiplo;Rettilineo;Una carreggiata a doppio senso;Asciutto;Asfaltata;Verticale ed orizzontale;Sereno;Normale;Buona;Ore Diurne;2;0;0;2;12.5402;41.9773;-1;2;Autovettura privata;In marcia / fermata / arresto;Conducente;M;Rimandato;0;NON DECEDUTO;Non accertato;Inesploso
4528179;4;30/08/2019 15:35:00;Strada Urbana;VIA DI SETTEBAGNI;da specificare;;;;fronte civico 340;Tamponamento Multiplo;Rettilineo;Una carreggiata a doppio senso;Asciutto;Asfaltata;Verticale ed orizzontale;Sereno;Normale;Buona;Ore Diurne;2;0;0;2;12.5402;41.9773;-1;3;Autovettura privata;In marcia / fermata / arresto;Conducente;F;Illeso;0;;Non accertato;Inesploso
4528256;4;30/08/2019 05:55:00;Strada Urbana;VIA PIAN DI SCO;all'intersezione semaforizzata con;VIA VIRGILIO TALLI;VIA VIRGILIO TALLI;;;Scontro frontale/laterale SX fra veicoli in marcia;Incrocio;Una carreggiata a doppio senso;Asciutto;Asfaltata;Verticale ed orizzontale;Sereno;Scarso;Sufficiente;Sufficiente;2;0;0;0;12.5185;41.9618;-1;1;Autovettura privata;In marcia / fermata / arresto;Conducente;M;Rimandato;0;NON DECEDUTO;Non accertato;Esploso
4528256;4;30/08/2019 05:55:00;Strada Urbana;VIA PIAN DI SCO;all'intersezione semaforizzata con;VIA VIRGILIO TALLI;VIA VIRGILIO TALLI;;;Scontro frontale/laterale SX fra veicoli in marcia;Incrocio;Una carreggiata a doppio senso;Asciutto;Asfaltata;Verticale ed orizzontale;Sereno;Scarso;Sufficiente;Sufficiente;2;0;0;0;12.5185;41.9618;-1;2;Autovettura privata;In marcia / fermata / arresto;Conducente;F;Rifiuta cure immediate;0;NON DECEDUTO;Non accertato;Esploso
4528815;18;31/08/2019 17:30:00;Strada Urbana;VIA MATTIA BATTISTINI;da specificare;;;;prossimit� fronte civico 18;Scontro laterale fra veicoli in marcia;Rettilineo;Una carreggiata a doppio senso;Bagnato (pioggia);Asfaltata;Verticale ed orizzontale;Nuvoloso;Normale;Buona;Ore Diurne;1;0;0;1;12.4184;41.9139;-1;1;Autovettura privata;In marcia / fermata / arresto;Conducente;F;Illeso;0;;;
4528815;18;31/08/2019 17:30:00;Strada Urbana;VIA MATTIA BATTISTINI;da specificare;;;;prossimit� fronte civico 18;Scontro laterale fra veicoli in marcia;Rettilineo;Una carreggiata a doppio senso;Bagnato (pioggia);Asfaltata;Verticale ed orizzontale;Nuvoloso;Normale;Buona;Ore Diurne;1;0;0;1;12.4184;41.9139;-1;2;Motociclo a solo;In marcia / fermata / arresto;Conducente;F;Rimandato;0;NON DECEDUTO;;
4528819;13;31/08/2019 10:10:00;Strada Urbana;VIA DOMENICO BAFFIGO;all'intersezione con;VIALE DEL SOMMERGIBILE;VIALE DEL SOMMERGIBILE;;;Scontro frontale/laterale DX fra veicoli in marcia;Incrocio;Una carreggiata a doppio senso;Asciutto;Asfaltata;Verticale ed orizzontale;Sereno;Normale;Sufficiente;Ore Diurne;0;0;0;7;12.2576;41.7384;-1;1;Autovettura privata;In marcia / fermata / arresto;Conducente;M;Illeso;0;;Non accertato;Inesploso