Protocollo;Gruppo;DataOraIncidente;Localizzazione1;STRADA1;Localizzazione2;STRADA2;Strada02;Chilometrica;DaSpecificare;NaturaIncidente;particolaritastrade;TipoStrada;FondoStradale;Pavimentazione;Segnaletica;CondizioneAtmosferica;Traffico;Visibilita;Illuminazione;NUM_FERITI;NUM_RISERVATA;NUM_MORTI;NUM_ILLESI;Longitudine;Latitudine;Confermato;Progressivo;TipoVeicolo;StatoVeicolo;TipoPersona;Sesso;Tipolesione;Deceduto;DecedutoDopo;CinturaCascoUtilizzato;Airbag;
4529839;7;31/08/2019 22:15:00;Strada Urbana;VIA ACHILLE VERTUNNI;all'intersezione con;VIA VALERICO LACCETTI;VIA VALERICO LACCETTI;;;Scontro frontale/laterale SX fra veicoli in marcia;Incrocio;Una carreggiata a doppio senso;Asciutto;Asfaltata;Verticale ed orizzontale;Sereno;Scarso;Buona;Ore Diurne;2;0;0;3;12.613;41.9096;-1;2;Autovettura privata;In marcia / fermata / arresto;Conducente;M;Illeso;0;;Non accertato;
4529869;7;31/08/2019 10:30:00;Strada Urbana;VIALE DELLE GARDENIE;all'intersezione con;VIA DELLE CAMPANULE;VIA DELLE CAMPANULE;;;Scontro frontale/laterale SX fra veicoli in marcia;Incrocio;Due carreggiate;Asciutto;Asfaltata;Verticale ed orizzontale;Sereno;Normale;Buona;Ore Diurne;0;0;0;2;12.5683;41.8858;-1;1;Autovettura privata;In marcia / fermata / arresto;Conducente;M;Illeso;0;;Non accertato;Inesploso
4529869;7;31/08/2019 10:30:00;Strada Urbana;VIALE DELLE GARDENIE;all'intersezione con;VIA DELLE CAMPANULE;VIA DELLE CAMPANULE;;;Scontro frontale/laterale SX fra veicoli in marcia;Incrocio;Due carreggiate;Asciutto;Asfaltata;Verticale ed orizzontale;Sereno;Normale;Buona;Ore Diurne;0;0;0;2;12.5683;41.8858;-1;2;Autovettura privata;In marcia / fermata / arresto;Conducente;M;Illeso;0;;Non accertato;Esploso
4529871;5;30/08/2019 00:30:00;Strada Urbana;VIA DEI MONTI TIBURTINI;da specificare;;;;f.c. 659 direzione Tiburtina;Veicolo in marcia contro veicolo in sosta;Rettilineo;Due carreggiate;Asciutto;Asfaltata;Assente;Sereno;Scarso;Sufficiente;Sufficiente;0;1;0;0;12.5494;41.9149;-1;1;Velocipede;In marcia / fermata / arresto;Conducente;M;Prognosi riservata;0;NON DECEDUTO;Esente;
4529871;5;30/08/2019 00:30:00;Strada Urbana;VIA DEI MONTI TIBURTINI;da specificare;;;;f.c. 659 direzione Tiburtina;Veicolo in marcia contro veicolo in sosta;Rettilineo;Due carreggiate;Asciutto;Asfaltata;Assente;Sereno;Scarso;Sufficiente;Sufficiente;0;1;0;0;12.5494;41.9149;-1;2;Autocarro inferiore 35 q.;Sosta;;;;;;;
4529942;17;31/08/2019 14:35:00;Strada Urbana;VIA CRESCENZIO;all'intersezione semaforizzata con;PIAZZA ADRIANA;PIAZZA ADRIANA;;;Scontro laterale fra veicoli in marcia;Intersezione semaforizzata;Una carreggiata a doppio senso;Asciutto;Asfaltata;Verticale ed orizzontale;Sereno;Scarso;Buona;Ore Diurne;1;0;0;1;12.4639;41.9057;-1;1;Autovettura privata;In marcia / fermata / arresto;Conducente;F;Illeso;0;;;
4529942;17;31/08/2019 14:35:00;Strada Urbana;VIA CRESCENZIO;all'intersezione semaforizzata con;PIAZZA ADRIANA;PIAZZA ADRIANA;;;Scontro laterale fra veicoli in marcia;Intersezione semaforizzata;Una carreggiata a doppio senso;Asciutto;Asfaltata;Verticale ed orizzontale;Sereno;Scarso;Buona;Ore Diurne;1;0;0;1;12.4639;41.9057;-1;2;Motociclo a solo;In marcia / fermata / arresto;Conducente;M;Rimandato;0;NON DECEDUTO;;
4529949;4;31/08/2019 17:30:00;Strada Urbana;VIA FRANCO SACCHETTI;in corrispondenza;;del civico n.;11;;Veicolo in marcia contro veicolo in sosta;Rettilineo;Una carreggiata a doppio senso;Asciutto;Asfaltata;Verticale;Sereno;Scarso;Buona;Ore Diurne;0;0;0;0;12.5471;41.9507;-1;1;Veicolo ignoto perch� FUGA;Allontanatosi;;;;;;;
4529949;4;31/08/2019 17:30:00;Strada Urbana;VIA FRANCO SACCHETTI;in corrispondenza;;del civico n.;11;;Veicolo in marcia contro veicolo in sosta;Rettilineo;Una carreggiata a doppio senso;Asciutto;Asfaltata;Verticale;Sereno;Scarso;Buona;Ore Diurne;0;0;0;0;12.5471;41.9507;-1;2;Autovettura privata;Sosta;;;;;;;
4529956;18;30/08/2019 11:15:00;Strada Urbana;VIA DEI CAVALLEGGERI;in prossimit�;;del civico n.;2;;Veicolo in marcia contro veicolo arresto;Rettilineo;Una carreggiata a senso unico di marcia;Asciutto;Asfaltata;Verticale ed orizzontale;Sereno;Scarso;Buona;Ore Diurne;0;0;0;2;12.455;41.9001;-1;1;Autocarro inferiore 35 q.;In marcia / fermata / arresto;Conducente;M;Illeso;0;;;
4529956;18;30/08/2019 11:15:00;Strada Urbana;VIA DEI CAVALLEGGERI;in prossimit�;;del civico n.;2;;Veicolo in marcia contro veicolo arresto;Rettilineo;Una carreggiata a senso unico di marcia;Asciutto;Asfaltata;Verticale ed orizzontale;Sereno;Scarso;Buona;Ore Diurne;0;0;0;2;12.455;41.9001;-1;2;Autocarro inferiore 35 q.;In marcia / fermata / arresto;Conducente;M;Illeso;0;;;
4529972;18;31/08/2019;Strada Urbana;VIA TRIONFALE;in prossimit�;;della chilometrica;11.3;;Investimento di pedone;Rettilineo;Una carreggiata a doppio senso;Asciutto;Asfaltata;Verticale ed orizzontale;Sereno;Scarso;Sufficiente;Sufficiente;1;0;0;1;12.4092;41.9668;-1;;;;Pedone;M;Rimandato;0;NON DECEDUTO;;
4529972;18;31/08/2019;Strada Urbana;VIA TRIONFALE;in prossimit�;;della chilometrica;11.3;;Investimento di pedone;Rettilineo;Una carreggiata a doppio senso;Asciutto;Asfaltata;Verticale ed orizzontale;Sereno;Scarso;Sufficiente;Sufficiente;1;0;0;1;12.4092;41.9668;-1;1;Autovettura pubblica;In marcia / fermata / arresto;Conducente;M;Illeso;0;;Non accertato;Inesploso
4529975;3;29/08/2019 18:00:00;Strada Urbana;CIRCONVALLAZIONE NOMENTANA;da specificare;;;;fr via Lorenzo il Magnifico;Scontro frontale/laterale SX fra veicoli in marcia;Rettilineo;Una carreggiata a senso unico di marcia;Asciutto;Asfaltata;Verticale ed orizzontale;Sereno;Normale;Buona;Ore Diurne;2;0;0;1;12.527;41.9196;-1;1;Autovettura privata;In marcia / fermata / arresto;Conducente;F;Rimandato;0;NON DECEDUTO;;
4529975;3;29/08/2019 18:00:00;Strada Urbana;CIRCONVALLAZIONE NOMENTANA;da specificare;;;;fr via Lorenzo il Magnifico;Scontro frontale/laterale SX fra veicoli in marcia;Rettilineo;Una carreggiata a senso unico di marcia;Asciutto;Asfaltata;Verticale ed orizzontale;Sereno;Normale;Buona;Ore Diurne;2;0;0;1;12.527;41.9196;-1;1;Autovettura privata;In marcia / fermata / arresto;Passeggero;F;Rimandato;0;NON DECEDUTO;Non accertato;Inesploso
4529975;3;29/08/2019 18:00:00;Strada Urbana;CIRCONVALLAZIONE NOMENTANA;da specificare;;;;fr via Lorenzo il Magnifico;Scontro frontale/laterale SX fra veicoli in marcia;Rettilineo;Una carreggiata a senso unico di marcia;Asciutto;Asfaltata;Verticale ed orizzontale;Sereno;Normale;Buona;Ore Diurne;2;0;0;1;12.527;41.9196;-1;2;Autovettura privata;In marcia / fermata / arresto;Conducente;M;Illeso;0;;;
4529976;18;31/08/2019 23:15:00;Strada Urbana;VIA DELLA MAGLIANELLA;da specificare;;;;fronte civico 276;Veicolo in marcia contro ostacolo accidentale;Curva a visuale libera;Una carreggiata a doppio senso;Asciutto;Asfaltata;Assente;Nebbia;Scarso;Insufficiente;Insufficiente;0;0;0;1;12.3791;41.9017;-1;1;Autovettura privata;In marcia / fermata / arresto;Conducente;M;Illeso;0;;;
4529988;4;31/08/2019 17:15:00;Statale;VIA SALARIA;da specificare;;;;altezza via Grottazzolina dir. Rieti;Tamponamento;Rettilineo;Due carreggiate;Bagnato (umidit� in atto);Asfaltata;Verticale ed orizzontale;Sereno;Scarso;Buona;Ore Diurne;0;0;0;3;9.644;45.397;-1;1;Autovettura privata;In marcia / fermata / arresto;Conducente;M;Illeso;0;;Non accertato;Inesploso
4529988;4;31/08/2019 17:15:00;Statale;VIA SALARIA;da specificare;;;;altezza via Grottazzolina dir. Rieti;Tamponamento;Rettilineo;Due carreggiate;Bagnato (umidit� in atto);Asfaltata;Verticale ed orizzontale;Sereno;Scarso;Buona;Ore Diurne;0;0;0;3;9.644;45.397;-1;1;Autovettura privata;In marcia / fermata / arresto;Passeggero;F;Illeso;0;;;
4529988;4;31/08/2019 17:15:00;Statale;VIA SALARIA;da specificare;;;;altezza via Grottazzolina dir. Rieti;Tamponamento;Rettilineo;Due carreggiate;Bagnato (umidit� in atto);Asfaltata;Verticale ed orizzontale;Sereno;Scarso;Buona;Ore Diurne;0;0;0;3;9.644;45.397;-1;2;Autocarro inferiore 35 q.;In marcia / fermata / arresto;Conducente;M;Illeso;0;;Non accertato;Inesploso
4530088;7;30/08/2019 17:00:00;Strada Urbana;VIA DEL FOSSO DI TOR TRE TESTE;in prossimit�;;del civico n.;64;;Scontro frontale/laterale SX fra veicoli in marcia;Rettilineo;Una carreggiata a doppio senso;Asciutto;Asfaltata;Orizzontale;Sereno;Normale;Buona;Ore Diurne;0;0;0;2;12.6076;41.8855;-1;1;Autovettura privata;In marcia / fermata / arresto;Conducente;M;Illeso;0;;;
4530088;7;30/08/2019 17:00:00;Strada Urbana;VIA DEL FOSSO DI TOR TRE TESTE;in prossimit�;;del civico n.;64;;Scontro frontale/laterale SX fra veicoli in marcia;Rettilineo;Una carreggiata a doppio senso;Asciutto;Asfaltata;Orizzontale;Sereno;Normale;Buona;Ore Diurne;0;0;0;2;12.6076;41.8855;-1;2;Autocarro inferiore 35 q.;In marcia / fermata / arresto;Conducente;M;Illeso;0;;;
4530122;18;31/08/2019 20:50:00;Strada Urbana;VIA DI BOCCEA;in prossimit�;;del civico n.;195;;Tamponamento;Rettilineo;Una carreggiata a doppio senso;Asciutto;Asfaltata;Orizzontale;Sereno;Normale;Buona;Sufficiente;1;0;0;1;12.4224;41.9029;-1;1;Autovettura privata;In marcia / fermata / arresto;Conducente;F;Illeso;0;;Non accertato;Inesploso
4530122;18;31/08/2019 20:50:00;Strada Urbana;VIA DI BOCCEA;in prossimit�;;del civico n.;195;;Tamponamento;Rettilineo;Una carreggiata a doppio senso;Asciutto;Asfaltata;Orizzontale;Sereno;Normale;Buona;Sufficiente;1;0;0;1;12.4224;41.9029;-1;2;Velocipede;In marcia / fermata / arresto;Conducente;M;Rimandato;0;NON DECEDUTO;Esente;
4530125;12;25/08/2019 04:15:00;Provinciale entro l'abitato;VIA LAURENTINA;in corrispondenza;;del civico n.;500;;Scontro frontale/laterale DX fra veicoli in marcia;Rettilineo;Due carreggiate;Asciutto;Asfaltata;Verticale;Sereno;Scarso;Buona;Sufficiente;0;0;0;5;12.4797;41.8289;-1;1;Autovettura privata;In marcia / fermata / arresto;Passeggero;F;Illeso;0;;Utilizzato;Inesploso
4530125;12;25/08/2019 04:15:00;Provinciale entro l'abitato;VIA LAURENTINA;in corrispondenza;;del civico n.;500;;Scontro frontale/laterale DX fra veicoli in marcia;Rettilineo;Due carreggiate;Asciutto;Asfaltata;Verticale;Sereno;Scarso;Buona;Sufficiente;0;0;0;5;12.4797;41.8289;-1;1;Autovettura privata;In marcia / fermata / arresto;Conducente;F;Illeso;0;;Utilizzato;Inesploso
4530125;12;25/08/2019 04:15:00;Provinciale entro l'abitato;VIA LAURENTINA;in corrispondenza;;del civico n.;500;;Scontro frontale/laterale DX fra veicoli in marcia;Rettilineo;Due carreggiate;Asciutto;Asfaltata;Verticale;Sereno;Scarso;Buona;Sufficiente;0;0;0;5;12.4797;41.8289;-1;2;Autovettura privata;In marcia / fermata / arresto;Passeggero;F;Illeso;0;;Utilizzato;
4530125;12;25/08/2019 04:15:00;Provinciale entro l'abitato;VIA LAURENTINA;in corrispondenza;;del civico n.;500;;Scontro frontale/laterale DX fra veicoli in marcia;Rettilineo;Due carreggiate;Asciutto;Asfaltata;Verticale;Sereno;Scarso;Buona;Sufficiente;0;0;0;5;12.4797;41.8289;-1;2;Autovettura privata;In marcia / fermata / arresto;Passeggero;F;Illeso;0;;Utilizzato;
4530125;12;25/08/2019 04:15:00;Provinciale entro l'abitato;VIA LAURENTINA;in corrispondenza;;del civico n.;500;;Scontro frontale/laterale DX fra veicoli in marcia;Rettilineo;Due carreggiate;Asciutto;Asfaltata;Verticale;Sereno;Scarso;Buona;Sufficiente;0;0;0;5;12.4797;41.8289;-1;2;Autovettura privata;In marcia / fermata / arresto;Conducente;F;Illeso;0;;Utilizzato;Inesploso
4530229;7;31/08/2019 02:40:00;Strada Urbana;VIA DELLE ACACIE;all'intersezione con;LARGO FRANCESCO ARDISSONE;LARGO FRANCESCO ARDISSONE;;;Scontro frontale/laterale SX fra veicoli in marcia;Incrocio;Una carreggiata a doppio senso;Asciutto;Asfaltata;Verticale ed orizzontale;Sereno;Scarso;Sufficiente;Sufficiente;0;0;0;2;12.5724;41.889;-1;1;Autovettura privata;In marcia / fermata / arresto;Conducente;M;Illeso;0;;Non accertato;Inesploso
4530229;7;31/08/2019 02:40:00;Strada Urbana;VIA DELLE ACACIE;all'intersezione con;LARGO FRANCESCO ARDISSONE;LARGO FRANCESCO ARDISSONE;;;Scontro frontale/laterale SX fra veicoli in marcia;Incrocio;Una carreggiata a doppio senso;Asciutto;Asfaltata;Verticale ed orizzontale;Sereno;Scarso;Sufficiente;Sufficiente;0;0;0;2;12.5724;41.889;-1;2;Autovettura privata;In marcia / fermata / arresto;Conducente;M;Illeso;0;;Non accertato;Inesploso
4530303;7;31/08/2019 14:43:00;Strada Urbana;PIAZZA CESARE DE CUPIS;in prossimit�;;del civico n.;22;;Scontro frontale/laterale SX fra veicoli in marcia;Rotatoria;Una carreggiata a senso unico di marcia;Asciutto;Asfaltata;Verticale ed orizzontale;Sereno;Normale;Buona;Ore Diurne;0;0;0;3;12.5899;41.9043;-1;1;Autocarro inferiore 35 q.;In marcia / fermata / arresto;Conducente;M;Illeso;0;;;
4530303;7;31/08/2019 14:43:00;Strada Urbana;PIAZZA CESARE DE CUPIS;in prossimit�;;del civico n.;22;;Scontro frontale/laterale SX fra veicoli in marcia;Rotatoria;Una carreggiata a senso unico di marcia;Asciutto;Asfaltata;Verticale ed orizzontale;Sereno;Normale;Buona;Ore Diurne;0;0;0;3;12.5899;41.9043;-1;2;Autovettura privata;Allontanatosi;Conducente;F;Illeso;0;;Non accertato;Inesploso
4530303;7;31/08/2019 14:43:00;Strada Urbana;PIAZZA CESARE DE CUPIS;in prossimit�;;del civico n.;22;;Scontro frontale/laterale SX fra veicoli in marcia;Rotatoria;Una carreggiata a senso unico di marcia;Asciutto;Asfaltata;Verticale ed orizzontale;Sereno;Normale;Buona;Ore Diurne;0;0;0;3;12.5899;41.9043;-1;2;Autovettura privata;Allontanatosi;Passeggero;F;Illeso;0;;Non accertato;Inesploso
4530306;13;31/08/2019 17:30:00;Strada Urbana;VIA DELLE SIRENE;all'intersezione con;VIA CLIMENE;VIA CLIMENE;;;Scontro frontale/laterale DX fra veicoli in marcia;Incrocio;Due carreggiate;Asciutto;Asfaltata;Verticale;Sereno;Normale;Buona;Ore Diurne;2;0;0;4;12.2715;41.7339;-1;1;Autovettura privata;In marcia / fermata / arresto;Passeggero;F;Illeso;0;;Non accertato;Inesploso
4530306;13;31/08/2019 17:30:00;Strada Urbana;VIA DELLE SIRENE;all'intersezione con;VIA CLIMENE;VIA CLIMENE;;;Scontro frontale/laterale DX fra veicoli in marcia;Incrocio;Due carreggiate;Asciutto;Asfaltata;Verticale;Sereno;Normale;Buona;Ore Diurne;2;0;0;4;12.2715;41.7339;-1;1;Autovettura privata;In marcia / fermata / arresto;Conducente;F;Rimandato;0;NON DECEDUTO;Non accertato;Inesploso
4530306;13;31/08/2019 17:30:00;Strada Urbana;VIA DELLE SIRENE;all'intersezione con;VIA CLIMENE;VIA CLIMENE;;;Scontro frontale/laterale DX fra veicoli in marcia;Incrocio;Due carreggiate;Asciutto;Asfaltata;Verticale;Sereno;Normale;Buona;Ore Diurne;2;0;0;4;12.2715;41.7339;-1;1;Autovettura privata;In marcia / fermata / arresto;Passeggero;M;Illeso;0;;Non accertato;Inesploso
4530306;13;31/08/2019 17:30:00;Strada Urbana;VIA DELLE SIRENE;all'intersezione con;VIA CLIMENE;VIA CLIMENE;;;Scontro frontale/laterale DX fra veicoli in marcia;Incrocio;Due carreggiate;Asciutto;Asfaltata;Verticale;Sereno;Normale;Buona;Ore Diurne;2;0;0;4;12.2715;41.7339;-1;1;Autovettura privata;In marcia / fermata / arresto;Passeggero;F;Illeso;0;;Non accertato;Inesploso
4530306;13;31/08/2019 17:30:00;Strada Urbana;VIA DELLE SIRENE;all'intersezione con;VIA CLIMENE;VIA CLIMENE;;;Scontro frontale/laterale DX fra veicoli in marcia;Incrocio;Due carreggiate;Asciutto;Asfaltata;Verticale;Sereno;Normale;Buona;Ore Diurne;2;0;0;4;12.2715;41.7339;-1;2;Autovettura privata;In marcia / fermata / arresto;Passeggero;F;Rimandato;0;NON DECEDUTO;Non accertato;Inesploso
4530306;13;31/08/2019 17:30:00;Strada Urbana;VIA DELLE SIRENE;all'intersezione con;VIA CLIMENE;VIA CLIMENE;;;Scontro frontale/laterale DX fra veicoli in marcia;Incrocio;Due carreggiate;Asciutto;Asfaltata;Verticale;Sereno;Normale;Buona;Ore Diurne;2;0;0;4;12.2715;41.7339;-1;2;Autovettura privata;In marcia / fermata / arresto;Conducente;M;Illeso;0;;Non accertato;Inesploso
4530306;13;31/08/2019 17:30:00;Strada Urbana;VIA DELLE SIRENE;all'intersezione con;VIA CLIMENE;VIA CLIMENE;;;Scontro frontale/laterale DX fra veicoli in marcia;Incrocio;Due carreggiate;Asciutto;Asfaltata;Verticale;Sereno;Normale;Buona;Ore Diurne;2;0;0;4;12.2715;41.7339;-1;3;Autovettura privata;Sosta;;;;;;;
4530361;17;30/08/2019 19:45:00;Strada Urbana;VIALE DEI CAVALIERI DI VITTORIO VENETO;in prossimit�;;del palo luce n.;9;;Scontro laterale fra veicoli in marcia;Curva a visuale libera;Due carreggiate;Asciutto;Asfaltata;Orizzontale;Sereno;Scarso;Buona;Ore Diurne;0;0;0;4;12.4504;41.9207;-1;1;Autovettura privata;In marcia / fermata / arresto;Conducente;M;Illeso;0;;;
4530361;17;30/08/2019 19:45:00;Strada Urbana;VIALE DEI CAVALIERI DI VITTORIO VENETO;in prossimit�;;del palo luce n.;9;;Scontro laterale fra veicoli in marcia;Curva a visuale libera;Due carreggiate;Asciutto;Asfaltata;Orizzontale;Sereno;Scarso;Buona;Ore Diurne;0;0;0;4;12.4504;41.9207;-1;1;Autovettura privata;In marcia / fermata / arresto;Passeggero;M;Illeso;0;;;
4530361;17;30/08/2019 19:45:00;Strada Urbana;VIALE DEI CAVALIERI DI VITTORIO VENETO;in prossimit�;;del palo luce n.;9;;Scontro laterale fra veicoli in marcia;Curva a visuale libera;Due carreggiate;Asciutto;Asfaltata;Orizzontale;Sereno;Scarso;Buona;Ore Diurne;0;0;0;4;12.4504;41.9207;-1;1;Autovettura privata;In marcia / fermata / arresto;Passeggero;M;Illeso;0;;;
4530361;17;30/08/2019 19:45:00;Strada Urbana;VIALE DEI CAVALIERI DI VITTORIO VENETO;in prossimit�;;del palo luce n.;9;;Scontro laterale fra veicoli in marcia;Curva a visuale libera;Due carreggiate;Asciutto;Asfaltata;Orizzontale;Sereno;Scarso;Buona;Ore Diurne;0;0;0;4;12.4504;41.9207;-1;2;Motociclo a solo;In marcia / fermata / arresto;Conducente;M;Illeso;0;;;
4530416;3;30/08/2019 17:20:00;Strada Urbana;PIAZZA DELLE CROCIATE;in corrispondenza;;del civico n.;23;;Veicolo in marcia contro veicolo arresto;Rettilineo;Una carreggiata a senso unico di marcia;Asciutto;Asfaltata;Verticale ed orizzontale;Sereno;Normale;Buona;Ore Diurne;0;0;0;3;12.5264;41.9087;-1;1;Autocarro inferiore 35 q.;In marcia / fermata / arresto;Conducente;M;Illeso;0;;;
4530416;3;30/08/2019 17:20:00;Strada Urbana;PIAZZA DELLE CROCIATE;in corrispondenza;;del civico n.;23;;Veicolo in marcia contro veicolo arresto;Rettilineo;Una carreggiata a senso unico di marcia;Asciutto;Asfaltata;Verticale ed orizzontale;Sereno;Normale;Buona;Ore Diurne;0;0;0;3;12.5264;41.9087;-1;2;Autovettura di polizia;In marcia / fermata / arresto;Passeggero;M;Illeso;0;;;
4530416;3;30/08/2019 17:20:00;Strada Urbana;PIAZZA DELLE CROCIATE;in corrispondenza;;del civico n.;23;;Veicolo in marcia contro veicolo arresto;Rettilineo;Una carreggiata a senso unico di marcia;Asciutto;Asfaltata;Verticale ed orizzontale;Sereno;Normale;Buona;Ore Diurne;0;0;0;3;12.5264;41.9087;-1;2;Autovettura di polizia;In marcia / fermata / arresto;Conducente;F;Illeso;0;;;
4530421;3;30/08/2019 19:20:00;Strada Urbana;VIA MICHELE DI LANDO;in prossimit�;;del civico n.;15;;Veicolo in marcia contro veicolo in sosta;Rettilineo;Una carreggiata a senso unico di marcia;Asciutto;Asfaltata;Verticale ed orizzontale;Sereno;Normale;Buona;Ore Diurne;0;0;0;3;12.5226;41.914;-1;1;Autovettura privata;Sosta;;;;;;;
4530421;3;30/08/2019 19:20:00;Strada Urbana;VIA MICHELE DI LANDO;in prossimit�;;del civico n.;15;;Veicolo in marcia contro veicolo in sosta;Rettilineo;Una carreggiata a senso unico di marcia;Asciutto;Asfaltata;Verticale ed orizzontale;Sereno;Normale;Buona;Ore Diurne;0;0;0;3;12.5226;41.914;-1;2;Autovettura privata;In marcia / fermata / arresto;Passeggero;F;Illeso;0;;Non accertato;
4530421;3;30/08/2019 19:20:00;Strada Urbana;VIA MICHELE DI LANDO;in prossimit�;;del civico n.;15;;Veicolo in marcia contro veicolo in sosta;Rettilineo;Una carreggiata a senso unico di marcia;Asciutto;Asfaltata;Verticale ed orizzontale;Sereno;Normale;Buona;Ore Diurne;0;0;0;3;12.5226;41.914;-1;2;Autovettura privata;In marcia / fermata / arresto;Passeggero;M;Illeso;0;;Non accertato;
4530421;3;30/08/2019 19:20:00;Strada Urbana;VIA MICHELE DI LANDO;in prossimit�;;del civico n.;15;;Veicolo in marcia contro veicolo in sosta;Rettilineo;Una carreggiata a senso unico di marcia;Asciutto;Asfaltata;Verticale ed orizzontale;Sereno;Normale;Buona;Ore Diurne;0;0;0;3;12.5226;41.914;-1;2;Autovettura privata;In marcia / fermata / arresto;Conducente;M;Illeso;0;;Non accertato;
4530427;3;30/08/2019 11:20:00;Strada Urbana;VIALE DELLO SCALO S. LORENZO;in prossimit�;;del civico n.;57;;Scontro laterale fra veicoli in marcia;Rettilineo;Una carreggiata a senso unico di marcia;Asciutto;Asfaltata;Verticale;Sereno;Normale;Buona;Ore Diurne;1;0;0;1;12.5177;41.8954;-1;1;Autovettura privata;In marcia / fermata / arresto;Conducente;M;Illeso;0;;;
4530427;3;30/08/2019 11:20:00;Strada Urbana;VIALE DELLO SCALO S. LORENZO;in prossimit�;;del civico n.;57;;Scontro laterale fra veicoli in marcia;Rettilineo;Una carreggiata a senso unico di marcia;Asciutto;Asfaltata;Verticale;Sereno;Normale;Buona;Ore Diurne;1;0;0;1;12.5177;41.8954;-1;2;Motociclo a solo;In marcia / fermata / arresto;Conducente;M;Rimandato;0;NON DECEDUTO;;
4530427;3;30/08/2019 11:20:00;Strada Urbana;VIALE DELLO SCALO S. LORENZO;in prossimit�;;del civico n.;57;;Scontro laterale fra veicoli in marcia;Rettilineo;Una carreggiata a senso unico di marcia;Asciutto;Asfaltata;Verticale;Sereno;Normale;Buona;Ore Diurne;1;0;0;1;12.5177;41.8954;-1;3;Autovettura privata;Sosta;;;;;;;
4530457;3;31/08/2019 22:00:00;Strada Urbana;NUOVA CIRCONVALLAZIONE INTERNA;da specificare;;;;altezza sacrario direzione san giovanni;Veicolo in marcia contro ostacolo fisso;Rettilineo;Due carreggiate;Asciutto;Asfaltata;Verticale ed orizzontale;Sereno;Scarso;Buona;Sufficiente;1;0;0;0;12.5301;41.9155;-1;1;Autovettura privata;In marcia / fermata / arresto;Conducente;M;Rimandato;0;NON DECEDUTO;Non accertato;Inesploso
4530487;17;31/08/2019 00:40:00;Strada Urbana;VIA GREGORIO VII;da specificare;;;;fronte LARGO DOMENICO JACOBINI;Scontro frontale/laterale DX fra veicoli in marcia;Rettilineo;Pi� di due carreggiate;Asciutto;Asfaltata;Verticale ed orizzontale;Sereno;Scarso;Sufficiente;Sufficiente;1;0;0;1;12.4427;41.8964;-1;1;Autobus di linea;In marcia / fermata / arresto;Conducente;M;Illeso;0;;;
4530487;17;31/08/2019 00:40:00;Strada Urbana;VIA GREGORIO VII;da specificare;;;;fronte LARGO DOMENICO JACOBINI;Scontro frontale/laterale DX fra veicoli in marcia;Rettilineo;Pi� di due carreggiate;Asciutto;Asfaltata;Verticale ed orizzontale;Sereno;Scarso;Sufficiente;Sufficiente;1;0;0;1;12.4427;41.8964;-1;2;Autovettura privata;In marcia / fermata / arresto;Conducente;F;Rimandato;0;NON DECEDUTO;;
4530668;17;31/08/2019 10:00:00;Strada Urbana;PONTE PIETRO NENNI;all'intersezione con;LUNGOTEVERE ARNALDO DA BRESCIA;LUNGOTEVERE ARNALDO DA BRESCIA;;;Veicolo in marcia contro veicolo in sosta;Incrocio;Una carreggiata a senso unico di marcia;Asciutto;Asfaltata;Verticale;Sereno;Scarso;Buona;Ore Diurne;0;0;0;0;12.4723;41.9123;-1;1;Autovettura privata;Sosta;;;;;;;
4530668;17;31/08/2019 10:00:00;Strada Urbana;PONTE PIETRO NENNI;all'intersezione con;LUNGOTEVERE ARNALDO DA BRESCIA;LUNGOTEVERE ARNALDO DA BRESCIA;;;Veicolo in marcia contro veicolo in sosta;Incrocio;Una carreggiata a senso unico di marcia;Asciutto;Asfaltata;Verticale;Sereno;Scarso;Buona;Ore Diurne;0;0;0;0;12.4723;41.9123;-1;2;Autovettura privata;In marcia / fermata / arresto;;;;;;;
4531120;10;31/08/2019 09:00:00;Strada Urbana;VIALE DEI SALESIANI;da specificare;;;;fronte civ. 18;Scontro frontale/laterale SX fra veicoli in marcia;Rettilineo;Due carreggiate;Asciutto;Asfaltata;Verticale ed orizzontale;Sereno;Normale;Buona;Ore Diurne;0;0;0;4;12.5663;41.8576;-1;1;Autovettura privata;In marcia / fermata / arresto;Passeggero;F;Illeso;0;;Non accertato;Inesploso
4531120;10;31/08/2019 09:00:00;Strada Urbana;VIALE DEI SALESIANI;da specificare;;;;fronte civ. 18;Scontro frontale/laterale SX fra veicoli in marcia;Rettilineo;Due carreggiate;Asciutto;Asfaltata;Verticale ed orizzontale;Sereno;Normale;Buona;Ore Diurne;0;0;0;4;12.5663;41.8576;-1;1;Autovettura privata;In marcia / fermata / arresto;Conducente;M;Illeso;0;;Non accertato;Inesploso
4531120;10;31/08/2019 09:00:00;Strada Urbana;VIALE DEI SALESIANI;da specificare;;;;fronte civ. 18;Scontro frontale/laterale SX fra veicoli in marcia;Rettilineo;Due carreggiate;Asciutto;Asfaltata;Verticale ed orizzontale;Sereno;Normale;Buona;Ore Diurne;0;0;0;4;12.5663;41.8576;-1;1;Autovettura privata;In marcia / fermata / arresto;Passeggero;M;Illeso;0;;Non accertato;Inesploso