Protocollo;Gruppo;DataOraIncidente;Localizzazione1;STRADA1;Localizzazione2;STRADA2;Strada02;Chilometrica;DaSpecificare;NaturaIncidente;particolaritastrade;TipoStrada;FondoStradale;Pavimentazione;Segnaletica;CondizioneAtmosferica;Traffico;Visibilita;Illuminazione;NUM_FERITI;NUM_RISERVATA;NUM_MORTI;NUM_ILLESI;Longitudine;Latitudine;Confermato;Progressivo;TipoVeicolo;StatoVeicolo;TipoPersona;Sesso;Tipolesione;Deceduto;DecedutoDopo;CinturaCascoUtilizzato;Airbag;
4531120;10;31/08/2019 09:00:00;Strada Urbana;VIALE DEI SALESIANI;da specificare;;;;fronte civ. 18;Scontro frontale/laterale SX fra veicoli in marcia;Rettilineo;Due carreggiate;Asciutto;Asfaltata;Verticale ed orizzontale;Sereno;Normale;Buona;Ore Diurne;0;0;0;4;12.5663;41.8576;-1;2;Autovettura privata;In marcia / fermata / arresto;Conducente;M;Illeso;0;;Non accertato;Inesploso
4531124;17;31/08/2019 23:20:00;Strada Urbana;VIA LEONE IV;all'intersezione semaforizzata con;VIA CANDIA;VIA CANDIA;;;Scontro laterale fra veicoli in marcia;Intersezione semaforizzata;Una carreggiata a doppio senso;Asciutto;Asfaltata;Verticale ed orizzontale;Sereno;Normale;Buona;Sufficiente;0;0;0;3;12.4553;41.9087;-1;1;Autovettura privata;In marcia / fermata / arresto;Passeggero;F;Illeso;0;;;Inesploso
4531124;17;31/08/2019 23:20:00;Strada Urbana;VIA LEONE IV;all'intersezione semaforizzata con;VIA CANDIA;VIA CANDIA;;;Scontro laterale fra veicoli in marcia;Intersezione semaforizzata;Una carreggiata a doppio senso;Asciutto;Asfaltata;Verticale ed orizzontale;Sereno;Normale;Buona;Sufficiente;0;0;0;3;12.4553;41.9087;-1;1;Autovettura privata;In marcia / fermata / arresto;Conducente;M;Illeso;0;;;
4531124;17;31/08/2019 23:20:00;Strada Urbana;VIA LEONE IV;all'intersezione semaforizzata con;VIA CANDIA;VIA CANDIA;;;Scontro laterale fra veicoli in marcia;Intersezione semaforizzata;Una carreggiata a doppio senso;Asciutto;Asfaltata;Verticale ed orizzontale;Sereno;Normale;Buona;Sufficiente;0;0;0;3;12.4553;41.9087;-1;2;Altro;In marcia / fermata / arresto;Conducente;M;Illeso;0;;Esente;Inesistente
4531140;13;30/08/2019 10:00:00;Strada Urbana;VIALE CRISTOFORO COLOMBO;da specificare;;;;laterale direzione Ostia altezza "Priolo";Scontro frontale/laterale DX fra veicoli in marcia;Rettilineo;Una carreggiata a senso unico di marcia;Asciutto;Asfaltata;Assente;Sereno;Normale;Buona;Ore Diurne;0;0;0;1;12.4536;41.8089;-1;1;Motociclo con passeggero;In marcia / fermata / arresto;Conducente;M;Illeso;0;;Non accertato;
4531140;13;30/08/2019 10:00:00;Strada Urbana;VIALE CRISTOFORO COLOMBO;da specificare;;;;laterale direzione Ostia altezza "Priolo";Scontro frontale/laterale DX fra veicoli in marcia;Rettilineo;Una carreggiata a senso unico di marcia;Asciutto;Asfaltata;Assente;Sereno;Normale;Buona;Ore Diurne;0;0;0;1;12.4536;41.8089;-1;2;Autovettura privata;In marcia / fermata / arresto;;;;;;;
4531299;17;31/08/2019 17:10:00;Strada Urbana;CIRCONVALLAZIONE CLODIA;in prossimit�;;del civico n.;36 D;;Tamponamento Multiplo;Rettilineo;Due carreggiate;Bagnato (pioggia);Asfaltata;Verticale ed orizzontale;Nuvoloso;Intenso;Buona;Ore Diurne;1;0;0;3;12.4527;41.915;-1;1;Autocarro superiore 35 q.;In marcia / fermata / arresto;Conducente;M;Illeso;0;;;
4531299;17;31/08/2019 17:10:00;Strada Urbana;CIRCONVALLAZIONE CLODIA;in prossimit�;;del civico n.;36 D;;Tamponamento Multiplo;Rettilineo;Due carreggiate;Bagnato (pioggia);Asfaltata;Verticale ed orizzontale;Nuvoloso;Intenso;Buona;Ore Diurne;1;0;0;3;12.4527;41.915;-1;2;Autovettura privata;In marcia / fermata / arresto;Conducente;F;Rimandato;0;NON DECEDUTO;;
4531299;17;31/08/2019 17:10:00;Strada Urbana;CIRCONVALLAZIONE CLODIA;in prossimit�;;del civico n.;36 D;;Tamponamento Multiplo;Rettilineo;Due carreggiate;Bagnato (pioggia);Asfaltata;Verticale ed orizzontale;Nuvoloso;Intenso;Buona;Ore Diurne;1;0;0;3;12.4527;41.915;-1;3;Autocarro superiore 35 q.;In marcia / fermata / arresto;Conducente;M;Illeso;0;;;
4531299;17;31/08/2019 17:10:00;Strada Urbana;CIRCONVALLAZIONE CLODIA;in prossimit�;;del civico n.;36 D;;Tamponamento Multiplo;Rettilineo;Due carreggiate;Bagnato (pioggia);Asfaltata;Verticale ed orizzontale;Nuvoloso;Intenso;Buona;Ore Diurne;1;0;0;3;12.4527;41.915;-1;4;Autobus di linea;In marcia / fermata / arresto;Conducente;M;Illeso;0;;;
4531766;12;24/08/2019 22:30:00;Strada Urbana;VIA DELLE TRE FONTANE;da specificare;;;;direzione Via di Val fiorita;Fuoriuscita dalla sede stradale;Curva senza visuale libera;Una carreggiata a senso unico di marcia;Asciutto;Asfaltata;Verticale;Sereno;Scarso;Sufficiente;Insufficiente;1;0;0;0;12.4734;41.8394;-1;1;Motociclo a solo;In marcia / fermata / arresto;Conducente;M;Ricoverato;0;NON DECEDUTO;;
4531816;12;25/08/2019 12:15:00;Strada Urbana;VIA GIUSEPPE MAROTTA;in corrispondenza;;del civico n.;55;;Scontro frontale/laterale DX fra veicoli in marcia;Rettilineo;Una carreggiata a doppio senso;Asciutto;Asfaltata;Verticale ed orizzontale;Sereno;Scarso;Buona;Ore Diurne;0;0;0;4;12.4833;41.8162;-1;1;Autovettura privata;In marcia / fermata / arresto;Conducente;M;Illeso;0;;Utilizzato;Inesploso
4531816;12;25/08/2019 12:15:00;Strada Urbana;VIA GIUSEPPE MAROTTA;in corrispondenza;;del civico n.;55;;Scontro frontale/laterale DX fra veicoli in marcia;Rettilineo;Una carreggiata a doppio senso;Asciutto;Asfaltata;Verticale ed orizzontale;Sereno;Scarso;Buona;Ore Diurne;0;0;0;4;12.4833;41.8162;-1;2;Autovettura privata;In marcia / fermata / arresto;Conducente;M;Illeso;0;;Utilizzato;Inesploso
4531816;12;25/08/2019 12:15:00;Strada Urbana;VIA GIUSEPPE MAROTTA;in corrispondenza;;del civico n.;55;;Scontro frontale/laterale DX fra veicoli in marcia;Rettilineo;Una carreggiata a doppio senso;Asciutto;Asfaltata;Verticale ed orizzontale;Sereno;Scarso;Buona;Ore Diurne;0;0;0;4;12.4833;41.8162;-1;2;Autovettura privata;In marcia / fermata / arresto;Passeggero;F;Illeso;0;;Utilizzato;Inesploso
4531816;12;25/08/2019 12:15:00;Strada Urbana;VIA GIUSEPPE MAROTTA;in corrispondenza;;del civico n.;55;;Scontro frontale/laterale DX fra veicoli in marcia;Rettilineo;Una carreggiata a doppio senso;Asciutto;Asfaltata;Verticale ed orizzontale;Sereno;Scarso;Buona;Ore Diurne;0;0;0;4;12.4833;41.8162;-1;2;Autovettura privata;In marcia / fermata / arresto;Passeggero;F;Illeso;0;;Utilizzato;Inesploso
4531842;12;31/08/2019 11:31:00;Strada Urbana;VIALE CESARE PAVESE;in prossimit�;;del civico n.;252;;Veicolo in marcia contro veicolo in sosta;Rettilineo;Due carreggiate;Asciutto;Asfaltata;Verticale ed orizzontale;Sereno;Normale;Buona;Ore Diurne;0;0;0;2;12.4725;41.8168;-1;1;Autovettura privata;Allontanatosi;;;;;;;
4531842;12;31/08/2019 11:31:00;Strada Urbana;VIALE CESARE PAVESE;in prossimit�;;del civico n.;252;;Veicolo in marcia contro veicolo in sosta;Rettilineo;Due carreggiate;Asciutto;Asfaltata;Verticale ed orizzontale;Sereno;Normale;Buona;Ore Diurne;0;0;0;2;12.4725;41.8168;-1;2;Autovettura privata;In marcia / fermata / arresto;Passeggero;F;Illeso;0;;Non accertato;Esploso
4531842;12;31/08/2019 11:31:00;Strada Urbana;VIALE CESARE PAVESE;in prossimit�;;del civico n.;252;;Veicolo in marcia contro veicolo in sosta;Rettilineo;Due carreggiate;Asciutto;Asfaltata;Verticale ed orizzontale;Sereno;Normale;Buona;Ore Diurne;0;0;0;2;12.4725;41.8168;-1;2;Autovettura privata;In marcia / fermata / arresto;Conducente;M;Illeso;0;;Non accertato;Esploso
4531842;12;31/08/2019 11:31:00;Strada Urbana;VIALE CESARE PAVESE;in prossimit�;;del civico n.;252;;Veicolo in marcia contro veicolo in sosta;Rettilineo;Due carreggiate;Asciutto;Asfaltata;Verticale ed orizzontale;Sereno;Normale;Buona;Ore Diurne;0;0;0;2;12.4725;41.8168;-1;3;Autovettura privata;Sosta;;;;;;;
4531842;12;31/08/2019 11:31:00;Strada Urbana;VIALE CESARE PAVESE;in prossimit�;;del civico n.;252;;Veicolo in marcia contro veicolo in sosta;Rettilineo;Due carreggiate;Asciutto;Asfaltata;Verticale ed orizzontale;Sereno;Normale;Buona;Ore Diurne;0;0;0;2;12.4725;41.8168;-1;4;Autovettura privata;Sosta;;;;;;;
4531877;12;29/08/2019 17:05:00;Strada Urbana;VIA DOMENICO JACHINO;in corrispondenza;;del civico n.;171;;Scontro laterale fra veicoli in marcia;Rettilineo;Due carreggiate;Asciutto;Asfaltata;Verticale ed orizzontale;Sereno;Scarso;Buona;Ore Diurne;0;0;0;4;12.447;41.8097;-1;1;Autovettura privata;In marcia / fermata / arresto;Conducente;M;Illeso;0;;Utilizzato;Inesploso
4531877;12;29/08/2019 17:05:00;Strada Urbana;VIA DOMENICO JACHINO;in corrispondenza;;del civico n.;171;;Scontro laterale fra veicoli in marcia;Rettilineo;Due carreggiate;Asciutto;Asfaltata;Verticale ed orizzontale;Sereno;Scarso;Buona;Ore Diurne;0;0;0;4;12.447;41.8097;-1;2;Autovettura privata;In marcia / fermata / arresto;Passeggero;F;Illeso;0;;Non accertato;Inesploso
4531877;12;29/08/2019 17:05:00;Strada Urbana;VIA DOMENICO JACHINO;in corrispondenza;;del civico n.;171;;Scontro laterale fra veicoli in marcia;Rettilineo;Due carreggiate;Asciutto;Asfaltata;Verticale ed orizzontale;Sereno;Scarso;Buona;Ore Diurne;0;0;0;4;12.447;41.8097;-1;2;Autovettura privata;In marcia / fermata / arresto;Conducente;F;Illeso;0;;Utilizzato;Inesploso
4531877;12;29/08/2019 17:05:00;Strada Urbana;VIA DOMENICO JACHINO;in corrispondenza;;del civico n.;171;;Scontro laterale fra veicoli in marcia;Rettilineo;Due carreggiate;Asciutto;Asfaltata;Verticale ed orizzontale;Sereno;Scarso;Buona;Ore Diurne;0;0;0;4;12.447;41.8097;-1;2;Autovettura privata;In marcia / fermata / arresto;Passeggero;M;Illeso;0;;Non accertato;Inesploso
4532200;12;30/08/2019 18:00:00;Strada Urbana;VIA DEI PLUMBAGHI;da specificare;;;;in prossimit� di VIA AGROSTEMMI;Veicolo in marcia contro ostacolo accidentale;Rettilineo;Una carreggiata a doppio senso;Asciutto;Con buche;Orizzontale;Sereno;Scarso;Buona;Ore Diurne;0;0;0;1;12.5832;41.7126;-1;1;Autovettura privata;In marcia / fermata / arresto;Conducente;M;Illeso;0;;Non accertato;Inesploso
4532261;12;30/08/2019 18:00:00;Strada Urbana;VIA DEL RISARO;in prossimit�;;del palo luce n.;114;;Scontro frontale/laterale SX fra veicoli in marcia;Rettilineo;Una carreggiata a doppio senso;Asciutto;Asfaltata;Assente;Sereno;Normale;Buona;Ore Diurne;0;0;0;2;12.4272;41.7764;-1;1;Autovettura privata;In marcia / fermata / arresto;Conducente;F;Illeso;0;;Utilizzato;Esploso
4532261;12;30/08/2019 18:00:00;Strada Urbana;VIA DEL RISARO;in prossimit�;;del palo luce n.;114;;Scontro frontale/laterale SX fra veicoli in marcia;Rettilineo;Una carreggiata a doppio senso;Asciutto;Asfaltata;Assente;Sereno;Normale;Buona;Ore Diurne;0;0;0;2;12.4272;41.7764;-1;2;Autobus di linea;In marcia / fermata / arresto;Conducente;M;Illeso;0;;;
4532396;12;30/08/2019 17:10:00;Strada Urbana;VIALE DELL'OCEANO ATLANTICO;all'intersezione con;VIA RHODESIA;VIA RHODESIA;;;Scontro frontale/laterale DX fra veicoli in marcia;Intersezione stradale segnalata;Due carreggiate;Bagnato (pioggia);Asfaltata;Verticale ed orizzontale;Pioggia in atto;Normale;Buona;Ore Diurne;2;0;0;1;12.4716;41.8202;-1;1;Autovettura privata;In marcia / fermata / arresto;Passeggero;F;Rimandato;0;NON DECEDUTO;Utilizzato;Inesploso
4532396;12;30/08/2019 17:10:00;Strada Urbana;VIALE DELL'OCEANO ATLANTICO;all'intersezione con;VIA RHODESIA;VIA RHODESIA;;;Scontro frontale/laterale DX fra veicoli in marcia;Intersezione stradale segnalata;Due carreggiate;Bagnato (pioggia);Asfaltata;Verticale ed orizzontale;Pioggia in atto;Normale;Buona;Ore Diurne;2;0;0;1;12.4716;41.8202;-1;1;Autovettura privata;In marcia / fermata / arresto;Conducente;M;Rimandato;0;NON DECEDUTO;Utilizzato;Inesploso
4532396;12;30/08/2019 17:10:00;Strada Urbana;VIALE DELL'OCEANO ATLANTICO;all'intersezione con;VIA RHODESIA;VIA RHODESIA;;;Scontro frontale/laterale DX fra veicoli in marcia;Intersezione stradale segnalata;Due carreggiate;Bagnato (pioggia);Asfaltata;Verticale ed orizzontale;Pioggia in atto;Normale;Buona;Ore Diurne;2;0;0;1;12.4716;41.8202;-1;2;Autovettura privata;In marcia / fermata / arresto;Conducente;M;Illeso;0;;Utilizzato;Inesploso
4532949;13;28/08/2019 08:45:00;Strada Urbana;VIA DELLE TARTANE;all'intersezione con;VIA DELLA TOLDA;VIA DELLA TOLDA;;;Scontro frontale fra veicoli in marcia;Incrocio;Una carreggiata a senso unico di marcia;Asciutto;Asfaltata;Assente;Sereno;Intenso;Buona;Ore Diurne;0;0;0;2;12.2938;41.7253;-1;1;Autovettura privata;In marcia / fermata / arresto;Conducente;M;Illeso;0;;Non accertato;Inesploso
4532949;13;28/08/2019 08:45:00;Strada Urbana;VIA DELLE TARTANE;all'intersezione con;VIA DELLA TOLDA;VIA DELLA TOLDA;;;Scontro frontale fra veicoli in marcia;Incrocio;Una carreggiata a senso unico di marcia;Asciutto;Asfaltata;Assente;Sereno;Intenso;Buona;Ore Diurne;0;0;0;2;12.2938;41.7253;-1;2;Autovettura privata;In marcia / fermata / arresto;Conducente;M;Illeso;0;;;
4533168;12;31/08/2019 03:25:00;Provinciale;VIA ARDEATINA;in prossimit�;;del civico n.;1060;;Veicolo in marcia contro ostacolo fisso;Rettilineo;Una carreggiata a doppio senso;Asciutto;Asfaltata;Verticale ed orizzontale;Sereno;Scarso;Buona;Sufficiente;0;0;0;1;12.5372;41.7879;-1;1;Autovettura privata;In marcia / fermata / arresto;Conducente;M;Illeso;0;;Utilizzato;Esploso
4533204;12;31/08/2019 10:10:00;Strada Urbana;VIA AMSTERDAM;in prossimit�;;del civico n.;78;;Scontro laterale fra veicoli in marcia;Rettilineo;Una carreggiata a doppio senso;Asciutto;Asfaltata;Verticale ed orizzontale;Sereno;Normale;Buona;Ore Diurne;0;0;0;4;12.4491;41.8228;-1;1;Autovettura privata;In marcia / fermata / arresto;Conducente;M;Illeso;0;;;
4533204;12;31/08/2019 10:10:00;Strada Urbana;VIA AMSTERDAM;in prossimit�;;del civico n.;78;;Scontro laterale fra veicoli in marcia;Rettilineo;Una carreggiata a doppio senso;Asciutto;Asfaltata;Verticale ed orizzontale;Sereno;Normale;Buona;Ore Diurne;0;0;0;4;12.4491;41.8228;-1;1;Autovettura privata;In marcia / fermata / arresto;Passeggero;F;Illeso;0;;;
4533204;12;31/08/2019 10:10:00;Strada Urbana;VIA AMSTERDAM;in prossimit�;;del civico n.;78;;Scontro laterale fra veicoli in marcia;Rettilineo;Una carreggiata a doppio senso;Asciutto;Asfaltata;Verticale ed orizzontale;Sereno;Normale;Buona;Ore Diurne;0;0;0;4;12.4491;41.8228;-1;2;Autovettura privata;In marcia / fermata / arresto;Passeggero;M;Illeso;0;;;
4533204;12;31/08/2019 10:10:00;Strada Urbana;VIA AMSTERDAM;in prossimit�;;del civico n.;78;;Scontro laterale fra veicoli in marcia;Rettilineo;Una carreggiata a doppio senso;Asciutto;Asfaltata;Verticale ed orizzontale;Sereno;Normale;Buona;Ore Diurne;0;0;0;4;12.4491;41.8228;-1;2;Autovettura privata;In marcia / fermata / arresto;Conducente;M;Illeso;0;;;
4533322;12;31/08/2019 10:50:00;Strada Urbana;PIAZZA PAKISTAN;da specificare;;;;prox viale Umanesimo;Veicolo in marcia contro veicolo in sosta;Rettilineo;Una carreggiata a doppio senso;Asciutto;Asfaltata;Verticale ed orizzontale;Sereno;Scarso;Buona;Ore Diurne;0;0;0;0;12.4632;41.8243;-1;1;Autovettura privata;Sosta;;;;;;;
4533322;12;31/08/2019 10:50:00;Strada Urbana;PIAZZA PAKISTAN;da specificare;;;;prox viale Umanesimo;Veicolo in marcia contro veicolo in sosta;Rettilineo;Una carreggiata a doppio senso;Asciutto;Asfaltata;Verticale ed orizzontale;Sereno;Scarso;Buona;Ore Diurne;0;0;0;0;12.4632;41.8243;-1;2;Autobus turistico;Allontanatosi;;;;;;;
4533341;12;31/08/2019 11:30:00;Strada Urbana;VIA ELIO VITTORINI;all'intersezione con;VIALE CESARE PAVESE;VIALE CESARE PAVESE;;;Scontro frontale/laterale DX fra veicoli in marcia;Incrocio;Due carreggiate;Asciutto;Asfaltata;Verticale ed orizzontale;Sereno;Normale;Buona;Ore Diurne;0;0;0;3;12.473;41.8168;-1;1;Autovettura privata;In marcia / fermata / arresto;Conducente;M;Illeso;0;;Utilizzato;Inesploso
4533341;12;31/08/2019 11:30:00;Strada Urbana;VIA ELIO VITTORINI;all'intersezione con;VIALE CESARE PAVESE;VIALE CESARE PAVESE;;;Scontro frontale/laterale DX fra veicoli in marcia;Incrocio;Due carreggiate;Asciutto;Asfaltata;Verticale ed orizzontale;Sereno;Normale;Buona;Ore Diurne;0;0;0;3;12.473;41.8168;-1;1;Autovettura privata;In marcia / fermata / arresto;Passeggero;F;Illeso;0;;Utilizzato;Inesploso
4533341;12;31/08/2019 11:30:00;Strada Urbana;VIA ELIO VITTORINI;all'intersezione con;VIALE CESARE PAVESE;VIALE CESARE PAVESE;;;Scontro frontale/laterale DX fra veicoli in marcia;Incrocio;Due carreggiate;Asciutto;Asfaltata;Verticale ed orizzontale;Sereno;Normale;Buona;Ore Diurne;0;0;0;3;12.473;41.8168;-1;2;Autovettura privata;In marcia / fermata / arresto;Conducente;F;Illeso;0;;Utilizzato;Inesploso
4533406;12;31/08/2019 20:30:00;Strada Urbana;VIA CRISTOFORO COLOMBO;all'intersezione semaforizzata con;VIALE ASIA;VIALE ASIA;;;Tamponamento Multiplo;Intersezione semaforizzata;Due carreggiate;Asciutto;Asfaltata;Verticale ed orizzontale;Nuvoloso;Normale;Buona;Sufficiente;0;0;0;6;12.4536;41.8089;-1;1;Autovettura privata;In marcia / fermata / arresto;Conducente;F;Illeso;0;;Utilizzato;Inesploso
4533406;12;31/08/2019 20:30:00;Strada Urbana;VIA CRISTOFORO COLOMBO;all'intersezione semaforizzata con;VIALE ASIA;VIALE ASIA;;;Tamponamento Multiplo;Intersezione semaforizzata;Due carreggiate;Asciutto;Asfaltata;Verticale ed orizzontale;Nuvoloso;Normale;Buona;Sufficiente;0;0;0;6;12.4536;41.8089;-1;1;Autovettura privata;In marcia / fermata / arresto;Passeggero;F;Illeso;0;;Utilizzato;Inesploso
4533406;12;31/08/2019 20:30:00;Strada Urbana;VIA CRISTOFORO COLOMBO;all'intersezione semaforizzata con;VIALE ASIA;VIALE ASIA;;;Tamponamento Multiplo;Intersezione semaforizzata;Due carreggiate;Asciutto;Asfaltata;Verticale ed orizzontale;Nuvoloso;Normale;Buona;Sufficiente;0;0;0;6;12.4536;41.8089;-1;1;Autovettura privata;In marcia / fermata / arresto;Passeggero;F;Illeso;0;;Utilizzato;Inesploso
4533406;12;31/08/2019 20:30:00;Strada Urbana;VIA CRISTOFORO COLOMBO;all'intersezione semaforizzata con;VIALE ASIA;VIALE ASIA;;;Tamponamento Multiplo;Intersezione semaforizzata;Due carreggiate;Asciutto;Asfaltata;Verticale ed orizzontale;Nuvoloso;Normale;Buona;Sufficiente;0;0;0;6;12.4536;41.8089;-1;1;Autovettura privata;In marcia / fermata / arresto;Passeggero;M;Illeso;0;;Utilizzato;Inesploso
4533406;12;31/08/2019 20:30:00;Strada Urbana;VIA CRISTOFORO COLOMBO;all'intersezione semaforizzata con;VIALE ASIA;VIALE ASIA;;;Tamponamento Multiplo;Intersezione semaforizzata;Due carreggiate;Asciutto;Asfaltata;Verticale ed orizzontale;Nuvoloso;Normale;Buona;Sufficiente;0;0;0;6;12.4536;41.8089;-1;2;Autovettura privata;In marcia / fermata / arresto;Conducente;F;Illeso;0;;Utilizzato;Inesploso
4533406;12;31/08/2019 20:30:00;Strada Urbana;VIA CRISTOFORO COLOMBO;all'intersezione semaforizzata con;VIALE ASIA;VIALE ASIA;;;Tamponamento Multiplo;Intersezione semaforizzata;Due carreggiate;Asciutto;Asfaltata;Verticale ed orizzontale;Nuvoloso;Normale;Buona;Sufficiente;0;0;0;6;12.4536;41.8089;-1;3;Autovettura privata;In marcia / fermata / arresto;Conducente;F;Illeso;0;;Utilizzato;Inesploso
4534871;13;15/08/2019 10:30:00;Strada Urbana;VIA CRISTOFORO COLOMBO;all'intersezione con;VIA COSTANTINO;VIA COSTANTINO;;;Scontro frontale/laterale DX fra veicoli in marcia;Intersezione semaforizzata;Una carreggiata a senso unico di marcia;Asciutto;Asfaltata;Verticale ed orizzontale;Sereno;Normale;Buona;Ore Diurne;1;0;0;0;12.4536;41.8089;-1;1;Velocipede;In marcia / fermata / arresto;Conducente;M;Rimandato;0;NON DECEDUTO;Esente;
4534871;13;15/08/2019 10:30:00;Strada Urbana;VIA CRISTOFORO COLOMBO;all'intersezione con;VIA COSTANTINO;VIA COSTANTINO;;;Scontro frontale/laterale DX fra veicoli in marcia;Intersezione semaforizzata;Una carreggiata a senso unico di marcia;Asciutto;Asfaltata;Verticale ed orizzontale;Sereno;Normale;Buona;Ore Diurne;1;0;0;0;12.4536;41.8089;-1;2;Autovettura privata;Allontanatosi;;;;;;;
4535304;1;20/08/2019 21:45:00;Strada Urbana;VIA EMANUELE FILIBERTO;in corrispondenza;;del civico n.;109;;Tamponamento;Rettilineo;Una carreggiata a senso unico di marcia;Asciutto;Asfaltata;Assente;Sereno;Intenso;Buona;Ore Diurne;0;0;0;2;12.5058;41.8917;-1;1;Velocipede;In marcia / fermata / arresto;Conducente;M;Illeso;0;;Esente;
4535304;1;20/08/2019 21:45:00;Strada Urbana;VIA EMANUELE FILIBERTO;in corrispondenza;;del civico n.;109;;Tamponamento;Rettilineo;Una carreggiata a senso unico di marcia;Asciutto;Asfaltata;Assente;Sereno;Intenso;Buona;Ore Diurne;0;0;0;2;12.5058;41.8917;-1;2;Autovettura privata;In marcia / fermata / arresto;Conducente;F;Illeso;0;;;
4548041;8;16/08/2019 14:30:00;Altra strada;VIA DI VERMICINO;da specificare;;;;civ. 158/D interno parcheggio in area privata;Veicolo in marcia contro veicolo in sosta;Rettilineo;Una carreggiata a doppio senso;Asciutto;Asfaltata;Assente;Sereno;Scarso;Buona;Ore Diurne;0;0;0;0;12.661;41.8422;-1;1;Autovettura privata;Sosta;;;;;;;
4548041;8;16/08/2019 14:30:00;Altra strada;VIA DI VERMICINO;da specificare;;;;civ. 158/D interno parcheggio in area privata;Veicolo in marcia contro veicolo in sosta;Rettilineo;Una carreggiata a doppio senso;Asciutto;Asfaltata;Assente;Sereno;Scarso;Buona;Ore Diurne;0;0;0;0;12.661;41.8422;-1;2;Autovettura privata;In marcia / fermata / arresto;;;;;;;
4556367;8;23/08/2019 18:05:00;Strada Urbana;VIA DI ROCCA CENCIA;in prossimit�;;del civico n.;68;;Investimento di pedone;Rettilineo;Una carreggiata a doppio senso;Asciutto;Asfaltata;Verticale ed orizzontale;Nuvoloso;Normale;Buona;Ore Diurne;1;0;0;1;12.6889;41.8657;0;;;;Pedone;M;Rifiuta cure immediate;0;NON DECEDUTO;;
4556367;8;23/08/2019 18:05:00;Strada Urbana;VIA DI ROCCA CENCIA;in prossimit�;;del civico n.;68;;Investimento di pedone;Rettilineo;Una carreggiata a doppio senso;Asciutto;Asfaltata;Verticale ed orizzontale;Nuvoloso;Normale;Buona;Ore Diurne;1;0;0;1;12.6889;41.8657;0;1;Autovettura privata;In marcia / fermata / arresto;Conducente;M;Illeso;0;;Non accertato;Inesploso
4559538;5;21/08/2019 13:30:00;Strada Urbana;VIA BELMONTE IN SABINA;da specificare;;;;dir. centrale del Latte, 50 mt dopo immissione Gra;Scontro frontale/laterale SX fra veicoli in marcia;Rettilineo;Due carreggiate;Asciutto;Asfaltata;Verticale ed orizzontale;Sereno;Normale;Buona;Ore Diurne;1;0;0;2;12.5938;41.9465;-1;1;Autovettura privata;In marcia / fermata / arresto;Passeggero;M;Illeso;0;;Non accertato;Inesploso
4559538;5;21/08/2019 13:30:00;Strada Urbana;VIA BELMONTE IN SABINA;da specificare;;;;dir. centrale del Latte, 50 mt dopo immissione Gra;Scontro frontale/laterale SX fra veicoli in marcia;Rettilineo;Due carreggiate;Asciutto;Asfaltata;Verticale ed orizzontale;Sereno;Normale;Buona;Ore Diurne;1;0;0;2;12.5938;41.9465;-1;1;Autovettura privata;In marcia / fermata / arresto;Conducente;M;Illeso;0;;Non accertato;Inesploso
4559538;5;21/08/2019 13:30:00;Strada Urbana;VIA BELMONTE IN SABINA;da specificare;;;;dir. centrale del Latte, 50 mt dopo immissione Gra;Scontro frontale/laterale SX fra veicoli in marcia;Rettilineo;Due carreggiate;Asciutto;Asfaltata;Verticale ed orizzontale;Sereno;Normale;Buona;Ore Diurne;1;0;0;2;12.5938;41.9465;-1;2;Autovettura privata;In marcia / fermata / arresto;Conducente;M;Rimandato;0;NON DECEDUTO;;
4616084;5;09/08/2019 11:15:00;Strada Urbana;VIA DI REBIBBIA;in corrispondenza;;del civico n.;18;;Veicolo in marcia contro veicolo in sosta;Rettilineo;Una carreggiata a senso unico di marcia;Asciutto;Asfaltata;Verticale;Nuvoloso;Normale;Buona;Ore Diurne;0;0;0;0;12.5697;41.9246;-1;1;Autovettura privata;Sosta;;;;;;;
4616084;5;09/08/2019 11:15:00;Strada Urbana;VIA DI REBIBBIA;in corrispondenza;;del civico n.;18;;Veicolo in marcia contro veicolo in sosta;Rettilineo;Una carreggiata a senso unico di marcia;Asciutto;Asfaltata;Verticale;Nuvoloso;Normale;Buona;Ore Diurne;0;0;0;0;12.5697;41.9246;-1;2;Autocarro superiore 35 q.;In marcia / fermata / arresto;;;;;;;
4639611;1;12/08/2019 22:00:00;Strada Urbana;VIA FILIPPO TURATI;da specificare;;;;.;Scontro frontale/laterale SX fra veicoli in marcia;Rettilineo;Una carreggiata a senso unico di marcia;Asciutto;Asfaltata;Verticale ed orizzontale;Sereno;Normale;Buona;Sufficiente;0;0;0;2;12.5046;41.8972;-1;1;Autovettura privata;In marcia / fermata / arresto;Conducente;M;Illeso;0;;;
4639611;1;12/08/2019 22:00:00;Strada Urbana;VIA FILIPPO TURATI;da specificare;;;;.;Scontro frontale/laterale SX fra veicoli in marcia;Rettilineo;Una carreggiata a senso unico di marcia;Asciutto;Asfaltata;Verticale ed orizzontale;Sereno;Normale;Buona;Sufficiente;0;0;0;2;12.5046;41.8972;-1;2;Autovettura privata;In marcia / fermata / arresto;Conducente;M;Illeso;0;;;